Metabolite.A,Metabolite.B,pcor.0,pcor.1,qval.0,qval.1,edge
CE_16_1____M_NH4__@10.70,CE_18_3____M_NH4__@10.52,0,0.322900835043948,0.999992247294925,0.016803894744152,Group 2
CE_16_1____M_NH4__@10.70,lysoPC_16_1___M_H__@1.17,0.191916057750165,0,0.147891106518215,0.999998586380093,Group 1
CE_16_1____M_NH4__@10.70,PC_32_1,0.212253105093363,0,0.1143497085129,0.999998586380093,Group 1
CE_18_2____M_NH4__@10.73,CE_18_3____M_NH4__@10.52,0.237238200477927,0,0.0299855404168296,0.783945025844773,Group 1
CE_18_2____M_NH4__@10.73,CE_20_3____M_NH4__@10.78,0.37668376419382,0.300196554732503,1.25066037956949e-06,0.0223411503302468,Both
CE_18_3____M_NH4__@10.52,CE_20_3____M_NH4__@10.78,0,0.284598162185838,0.999992247294925,0.0305486762443483,Group 2
CE_18_3____M_NH4__@10.52,CE_20_5____M_NH4__@10.45,0,0.249302311601994,0.999992247294925,0.108339863222703,Group 2
CE_20_3____M_NH4__@10.78,CE_20_4____M_NH4__@10.58,0.300438620186767,0.296555599174991,0.000117076874875911,0.0157692022116711,Both
CE_20_4____M_NH4__@10.58,CE_22_5____M_NH4__@10.73,0.297655109183944,0,0.000271709026033459,0.298536985076868,Group 1
CE_20_4____M_NH4__@10.58,DG_32_1___M_NH4__@7.50,-0.256345486470963,0,0.000813538782082718,0.999998586380093,Group 1
CE_20_4____M_NH4__@10.58,plasmenyl_PE_38_4,0.183834516383441,0,0.105212154345487,0.999998586380093,Group 1
CE_20_5____M_NH4__@10.45,CE_22_6____M_NH4__@10.51,0.351439317863415,0.303262105247111,2.90024935636203e-06,0.0100475131862439,Both
CE_22_5____M_NH4__@10.73,CE_22_6____M_NH4__@10.51,0.310998490345442,0.360730808318558,0.000145675659874071,0.00140892577191608,Both
DG_30_0___M_NH4__@7.41,MG_18_1___M_NH4__@2.98,0,0.303948445163869,0.25969028920214,0.0192519740777911,Group 2
DG_32_1___M_NH4__@7.50,TG_48_1,0.180381706817071,0,0.0574008193773357,0.520507526919118,Group 1
DG_32_2___M_NH4__@7.06,DG_34_3___M_NH4__@7.23,0.258419471795777,0.271074470181085,0.00433903907157686,0.0544359391596446,Both
DG_32_2___M_NH4__@7.06,TG_46_3___M_NH4__@9.64,0.235863182618003,0.224774476329294,0.00714145316536466,0.190819645322647,Both
DG_34_0___M_NH4__@8.42,DG_36_0___M_NH4__@8.82,0.305810297733214,0.376781447000276,0.000482673499481013,0.00235155062862393,Both
DG_34_0___M_NH4__@8.42,DG_38_0___M_NH4__@9.23,0.230554962040724,0.269809089149884,0.0317808282549803,0.114516132445041,Both
DG_34_0___M_NH4__@8.42,DG_40_0___M_NH4__@9.63,0.207482151180511,0,0.130078348669496,0.999998586380093,Group 1
DG_34_2___M_NH4__@7.59,DG_34_3___M_NH4__@7.23,0.377522919564744,0.314495935144344,8.10928829797453e-08,0.0023953865867025,Both
DG_34_2___M_NH4__@7.59,DG_36_2___M_NH4__@8.08,0.1916421336115,0.295657148377211,0.0730446434117631,0.0037249861741268,Both
DG_34_2___M_NH4__@7.59,DG_36_3___M_NH4__@7.71,0.185246169658128,0,0.065917745268607,0.999998586380093,Group 1
DG_34_3___M_NH4__@7.23,DG_36_4___M_NH4__@7.35,0.194926361259637,0.223637087176732,0.0669963871112363,0.180073558305697,Both
DG_36_0___M_NH4__@8.82,DG_38_0___M_NH4__@9.23,0.280278460773434,0.361161017582304,0.00117975899465656,0.00302196709263773,Both
DG_36_0___M_NH4__@8.82,DG_40_0___M_NH4__@9.63,0.244931857840125,0,0.0136567968854099,0.999998586380093,Group 1
DG_36_1___M_NH4__@8.51,TG_54_1,0.23664406605778,0.242182647474726,0.00898553093007377,0.0914252494649374,Both
DG_36_2___M_NH4__@8.08,DG_36_3___M_NH4__@7.71,0.221373433743461,0.304874154041919,0.00678653749551007,0.00204651405338327,Both
DG_36_2___M_NH4__@8.08,DG_38_2,0.356036143530371,0,7.55793882047964e-06,0.204811791445552,Group 1
DG_36_2___M_NH4__@8.08,DG_38_4___M_NH4__@7.95,0.222733547587296,0,0.0271482223341364,0.999998586380093,Group 1
DG_36_2___M_NH4__@8.08,TG_54_2,0.286710893333842,0,5.73411704071686e-05,0.251775184089625,Group 1
DG_36_3___M_NH4__@7.71,DG_36_4___M_NH4__@7.35,0.269589378999068,0.290432122036697,0.000196850133664339,0.00352050608952701,Both
DG_36_3___M_NH4__@7.71,TG_52_5,0.226459910537557,0,0.00195205071020025,0.665048056057989,Group 1
DG_36_4___M_NH4__@7.35,DG_36_5___M_NH4__@6.99,0.288936150688528,0.252463005075148,0.000187040683807315,0.0556444338817277,Both
DG_36_4___M_NH4__@7.35,TG_54_6,0.186137591940342,0,0.0516576560663544,0.266885282892692,Group 1
DG_36_5___M_NH4__@6.99,DG_38_6___M_NH4__@7.30,0.213872964462683,0,0.04898303517181,0.999998586380093,Group 1
DG_36_5___M_NH4__@6.99,TG_52_6,0.192511970818297,0.276034257393147,0.0530175773765201,0.0102080302097385,Both
DG_38_0___M_NH4__@9.23,DG_40_0___M_NH4__@9.63,0.4003552870132,0.326918635140373,2.37835227088553e-07,0.0281146320586094,Both
DG_38_0___M_NH4__@9.23,DG_42_6,0,-0.288205409145328,0.999992247294925,0.0767230133362101,Group 2
DG_38_4___M_NH4__@7.95,DG_38_5___M_NH4__@7.62,0.356018483735659,0.31676505139334,5.96567444268535e-06,0.016803894744152,Both
DG_38_4___M_NH4__@7.95,DG_40_5___M_NH4__@8.08,0.299687930085037,0,0.000856969769105201,0.999998586380093,Group 1
DG_38_5___M_NH4__@7.62,DG_38_6___M_NH4__@7.30,0.313427734931838,0.369621219734989,8.92883195722165e-05,0.000660986570163272,Both
DG_38_5___M_NH4__@7.62,DG_40_6___M_NH4__@7.76,0.213908677675609,0,0.0539537514263082,0.999998586380093,Group 1
DG_38_5___M_NH4__@7.62,plasmenyl_PEn_32_0___M_H_,0.209852715964699,0,0.0912751855054857,0.999998586380093,Group 1
DG_38_6___M_NH4__@7.30,DG_38_7___M_NH4__@6.93,0,0.265478003302744,0.278953653267292,0.107778079304534,Group 2
DG_38_7___M_NH4__@6.93,TG_54_9___M_NH4__@9.62,0.195986305283757,0,0.116182145297105,0.999998586380093,Group 1
DG_40_5___M_NH4__@8.08,DG_40_6___M_NH4__@7.76,0.227942600869203,0,0.0453939255028607,0.999998586380093,Group 1
DG_40_5___M_NH4__@8.08,TG_58_5,0.211118730620576,0,0.0506590405819505,0.999998586380093,Group 1
DG_40_6___M_NH4__@7.76,DG_40_7___M_NH4__@7.54,0.249202063535285,0,0.00844023235404833,0.999998586380093,Group 1
DG_40_7___M_NH4__@7.54,DG_40_8___M_NH4__@7.17,0.283107479821604,0.290800982862718,0.00217507063119209,0.0274425990012192,Both
DG_40_7___M_NH4__@7.54,PE_40_6___M_H__@6.91,0.28084526149581,0,0.000250971479968694,0.999998586380093,Group 1
DG_40_8___M_NH4__@7.17,TG_56_8,0.228218898028641,0,0.0154246174898667,0.999998586380093,Group 1
DG_42_6,TG_52_3,0,0.632366515947079,0.999992247294925,2.75318498970349e-07,Group 2
lysoPC_14_0___M_H__@1.03,lysoPC_16_1___M_H__@1.17,0.271837173946502,0.268673924645948,0.000271709026033459,0.0228373857083637,Both
lysoPC_14_0___M_H__@1.03,lysoPE_20_1___M_H__@1.38,0.198887729967044,0,0.13586949038933,0.999998586380093,Group 1
lysoPC_14_0___M_H__@1.03,PC_32_2,0,0.276122019779687,0.205160074417273,0.00747518944766846,Group 2
lysoPC_14_0___M_H__@1.03,PCn_34_4,0,0.336037473331576,0.38310983462463,0.00120999810507982,Group 2
lysoPC_16_1___M_H__@1.17,lysoPC_18_0,0.246459584575655,0,0.00329308887407637,0.999998586380093,Group 1
lysoPC_16_1___M_H__@1.17,plasmenyl_PC_18_0___M_Na_,0.185868296684123,0.238289919963293,0.0862413562843066,0.12758866088588,Both
lysoPC_18_0,lysoPC_20_0___M_H__@3.47,0.359872735653888,0.311605707907781,5.1096244665426e-06,0.00906170428711395,Both
lysoPC_18_0,lysoPE_18_0,0.332937997420502,0.301006008432561,2.81612168662927e-05,0.0114966910487055,Both
lysoPC_18_1,lysoPC_18_2,0.187365586117498,0.262813486938705,0.0903097447726996,0.0273717671430877,Both
lysoPC_18_1,lysoPC_20_1,0.202948969510167,0.24982659483859,0.04898303517181,0.0488268677833944,Both
lysoPC_18_1,lysoPE_18_1,0.169775096750068,0,0.128932849630431,0.999998586380093,Group 1
lysoPC_18_1,lysoPE_20_1___M_H__@1.38,0.186745830279297,0,0.176253272418793,0.999998586380093,Group 1
lysoPC_18_1,plasmenyl_PC_18_0___M_Na_,0.483648180179416,0.447044008372915,2.55398042583179e-13,4.95661784024059e-07,Both
lysoPC_18_2,lysoPC_18_3___M_H__@1.06,0.293163815554424,0.361607785300512,0.000363933548160701,0.000538913148195931,Both
lysoPC_18_2,lysoPE_18_2___M_H__@1.39,0.419727758743257,0.413875976191103,6.09058906459923e-09,2.64446093740771e-05,Both
lysoPC_18_3___M_H__@1.06,lysoPE_18_3___M_H__@1.12,0.418524984485611,0.393472193978342,3.83242787937415e-07,0.000282315631562133,Both
lysoPC_20_0___M_H__@3.47,lysoPC_22_0___M_H__@4.23,0.341675218944751,0.403498823379059,8.25716646492699e-05,0.000220872405329255,Both
lysoPC_20_1,lysopC_20_2,0,0.323468322916087,0.502182452689699,0.00191007432174248,Group 2
lysoPC_20_1,lysoPC_22_4___M_H__@1.82,0.302810712982756,0.356278298625251,0.000537581425714355,0.00115629254605514,Both
lysopC_20_2,lysoPC_20_3,0.232988840284527,0.231083478947763,0.00843089287521846,0.0782547322017437,Both
lysopC_20_2,lysoPC_22_5,0.53313179545282,0.490978801770545,2.0704855165513e-13,1.36910629869989e-07,Both
lysoPC_20_3,lysoPC_22_6,0.366748760211536,0.460595193561698,4.79582601194015e-07,1.47051050452234e-07,Both
lysoPC_20_4,lysoPC_22_4___M_H__@1.82,0.23698683593719,0,0.0177515619002055,0.999998586380093,Group 1
lysoPC_20_4,lysoPC_22_5,0.27762860432132,0,0.000892760050995794,0.930205347573991,Group 1
lysoPC_22_0___M_H__@4.23,lysoPC_24_0___M_H__@5.09,0.323495785168105,0.268222336823155,0.000351041465120335,0.120730110990083,Both
lysoPC_22_4___M_H__@1.82,PC_40_4,0.329931182662597,0,5.68604009951843e-05,0.899620409199062,Group 1
lysoPC_22_6,lysoPE_22_6___M_H__@1.26,0.230292524828748,0.247709304168098,0.00584068165001541,0.0454387043364344,Both
lysoPC_24_0___M_H__@5.09,PC_42_2___M_H__@8.51,0.399725405573065,0.453303273072619,4.78589742065961e-06,0.000109014009503499,Both
lysoPE_16_0___M_H__@1.70,lysoPE_18_0,0.371662810287997,0.484266105146293,7.74191565308294e-06,2.7157301341394e-06,Both
lysoPE_18_1,lysoPE_18_2___M_H__@1.39,0.296872871267019,0.244824434751088,4.24620330775011e-05,0.0569988682187774,Both
lysoPE_18_1,lysoPE_20_4___M_H__@1.34,0.257727917083338,0.241656744163239,0.000427706050539397,0.0521269014348392,Both
lysoPE_18_1,lysoPE_22_5___M_H__@1.54,0.208529295021002,0,0.062570548703383,0.999998586380093,Group 1
lysoPE_18_1,plasmenyl_PE_18_0___M_Na_,0.252038082708243,0.351818862725051,0.000525664882119644,7.15753022394592e-05,Both
lysoPE_18_2___M_H__@1.39,lysoPE_18_3___M_H__@1.12,0.223634590130165,0.253651171049251,0.0543130958340696,0.153880576797145,Both
lysoPE_20_2___M_Na__@1.49,lysoPE_22_5___M_H__@1.54,0.47075968064162,0.418613269725583,1.61927685379758e-08,0.000901981356505363,Both
lysoPE_20_3,lysoPE_22_6___M_H__@1.26,0.639897461944018,0.643192520041107,1.19281405544641e-22,1.69275262443304e-13,Both
lysoPE_20_4___M_H__@1.34,plasmenyl_PE_18_0___M_Na_,0.558636622386044,0.461300225405992,4.6352942839063e-18,2.27053231162749e-07,Both
MG_18_1___M_NH4__@2.98,MG_18_2,0.531525775855282,0.558151191314865,2.2837446549845e-10,4.73359722509721e-08,Both
MG_18_2,MG_18_4___M_NH4__@0.61,0,0.347721593103523,0.484502814016787,0.00335490914472899,Group 2
MG_18_2,MG_20_4___M_NH4__@0.84,0.276145969491465,0,0.00486067073928229,0.999998586380093,Group 1
MG_18_4___M_NH4__@0.61,MG_20_4___M_NH4__@0.84,0.56212126357919,0.546833296061512,2.5211286025337e-11,3.69336111941339e-07,Both
MG_22_4___M_NH4__@1.19,MG_22_5___M_NH4__@1.00,0.577389244098607,0.563766349087178,1.11938668281161e-10,4.10926233176334e-07,Both
PC_26_0,PC_28_0___M_H__@5.23,0.358926590065887,0.362698775550047,1.73996435614202e-06,0.000220872405329255,Both
PC_26_0,PC_30_2___M_H__@4.84,0.247895114310735,0.264751789762729,0.042988510498696,0.121274128342357,Both
PC_26_0,TG_40_0,0,0.236566737802783,0.460512005743543,0.108528996417562,Group 2
PC_28_0___M_H__@5.23,PC_28_1___M_H__@4.69,0.220337223656888,0,0.0357466039613411,0.999998586380093,Group 1
PC_28_0___M_H__@5.23,PC_30_0___M_H__@5.91,0.294741923976092,0.341572020610002,2.08866196199444e-05,0.000324226540769901,Both
PC_28_0___M_H__@5.23,SM_30_1,0,0.242459410363285,0.458930113725356,0.0587717164109707,Group 2
PC_30_0___M_H__@5.91,PC_30_1,0.273368870912779,0.26416353857531,0.00015350290955955,0.0202282358053565,Both
PC_30_0___M_H__@5.91,PC_32_0,0.263166421205408,0.252941107388636,0.00100763433476066,0.0857385975762173,Both
PC_30_1,PC_32_1,0.290830368090621,0.323646651098207,0.000145415425466047,0.00115629254605514,Both
PC_30_1,PC_32_4___M_H__@5.37,0.369527349335197,0.338101314963001,2.15125778927009e-06,0.00283945519633243,Both
PC_32_0,SM_34_1,0.294029025317823,0,0.000450012053166912,0.999998586380093,Group 1
PC_32_1,CL_66_1___M_2H__2__@6.17,0.291689021554021,0.294909903367828,0.00014748038256285,0.00364838445662672,Both
PC_32_2,PC_32_3___M_H__@5.13,0.241861151467562,0,0.0113866398577723,0.344873257106195,Group 1
PC_32_2,PC_34_5,0.486154285289463,0.494588899497877,2.70691035869992e-13,1.23165263063323e-08,Both
PC_34_1___M_H__@6.61,PC_36_2___M_H__@6.77,0.234012393744809,0.39292755221191,0.0304876293093257,0.000173811173928023,Both
PC_34_1___M_H__@6.61,TG_52_2,0.215758084022777,0,0.0463294916994831,0.999998586380093,Group 1
PC_34_5,PC_36_6,0.261390482965212,0.293535324211268,0.00153071472605365,0.0113435046426648,Both
PC_34_5,PC_36_7___M_H__@5.52,0.267367544572663,0.280398239208646,0.00107696084806968,0.0440216145001059,Both
PC_36_1___M_H__@7.23,PC_38_2___M_H__@7.36,0.22162536230737,0,0.0315392603837128,0.999998586380093,Group 1
PC_36_1___M_H__@7.23,PEn_38_1,0.27439860584617,0.253833093497316,0.00228419815465085,0.14032458282352,Both
PC_36_2___M_H__@6.77,plasmenyl_PE_36_2___M_H__,0.232392350368715,0.257227087188517,0.0221962566827229,0.0927756589932749,Both
PC_36_2___M_H__@6.77,SM_34_1,0,0.27426749419147,0.999992247294925,0.0364442347038573,Group 2
PC_36_6,PC_38_7,0.240532197729052,0,0.0160570590831561,0.999998586380093,Group 1
PC_36_6,PC_40_10___M_H__@5.52,0,0.273837149238523,0.999992247294925,0.0569988682187774,Group 2
PC_36_7___M_H__@5.52,PCn_34_4,0.378372129982455,0.321108841933448,1.08424933442912e-06,0.0157692022116711,Both
PC_38_2___M_H__@7.36,PC_38_3___M_H__@7.02,0.377477279449754,0.329092902291407,7.75938226812991e-07,0.0033885688339328,Both
PC_38_2___M_H__@7.36,PC_42_2___M_H__@8.51,0.240618421443326,0.263110300914584,0.0221230647886879,0.151825941216258,Both
PC_38_3___M_H__@7.02,PC_40_5___M_H__@6.94,0.272464613615835,0.332982240818175,0.00206621255281336,0.00167128184245436,Both
PC_38_3___M_H__@7.02,PEn_40_3___M_H__@7.07,0.230249181783386,0,0.0393480185307896,0.999998586380093,Group 1
PC_38_6,PC_40_10___M_H__@5.52,0.207842730618259,0,0.109828943568803,0.999998586380093,Group 1
PC_38_6,PC_40_6___M_H__@6.82,0.346228342672854,0.556231694073484,7.60665804113528e-06,6.25079045488276e-10,Both
PC_38_7,PC_40_10___M_H__@5.52,0.302580007359281,0.313990913915072,0.000784093291014676,0.0206501286877857,Both
PC_38_7,PC_36_5___M_Ac_H__@5.63,0.207169687740263,0,0.0669963871112363,0.999998586380093,Group 1
PC_40_4,PC_40_5___M_H__@6.94,0.310921126814632,0.409636413719896,0.000197687703414044,8.05134802169268e-05,Both
PC_40_4,PEn_40_4,0.275293176364222,0.307973954976573,0.0022579032657982,0.0142027052192953,Both
PC_40_5___M_H__@6.94,PC_40_6___M_H__@6.82,0.231892582360658,0,0.0146438688793378,0.237006970700661,Group 1
PC_40_6___M_H__@6.82,CL_82_11,0.19844468964769,0,0.054093195456945,0.999998586380093,Group 1
PC_40_8___M_H__@5.73,PC_42_10,0.481249892206214,0.447379691508734,5.06690960666509e-10,8.05423262790822e-06,Both
PE_34_1,PE_34_2,0.249275370355087,0.26052992219206,0.000554829177201061,0.0172081456532555,Both
PE_34_1,PE_36_4___M_H__@6.33,0.651622346204645,0.539864841054774,2.87198828356391e-25,2.86057604267175e-11,Both
PE_34_2,PE_34_3___M_H__@6.00,0.238371142740442,0.271764902053473,0.0135054953679392,0.0339051382830499,Both
PE_34_2,PE_36_2,0.231246743051984,0,0.00522175731552936,0.999998586380093,Group 1
PE_34_2,CL_70_3,0,0.21499523111253,0.229107443093437,0.157804556683186,Group 2
PE_34_3___M_H__@6.00,CL_70_5___M_2H__2__@5.91,0.297595285116426,0.307697673709771,0.000498665687180649,0.00482308035824228,Both
PE_36_1___M_H__@7.41,PE_36_2,0.249525843868357,0.258004364182547,0.00495722600307744,0.0331113469956898,Both
PE_36_1___M_H__@7.41,CL_74_1,0.240713166473871,0,0.00491271855197959,0.796116002584737,Group 1
PE_36_2,PE_36_3,0.172808685836203,0,0.195828604262831,0.260137774396163,Group 1
PE_36_2,CL_74_5,0.181596356019527,0,0.140392435194194,0.999998586380093,Group 1
PE_36_3,PE_38_5___M_H__@6.59,0.234713085989271,0,0.00952678331242836,0.999998586380093,Group 1
PE_36_3,PE_38_6___M_H__@6.23,0.272862963388639,0.331988648363957,0.000269083001074552,0.000660986570163272,Both
PE_36_4___M_H__@6.33,PE_38_4,0.222519561782627,0.235276925670545,0.00831843055336801,0.0593733636260382,Both
PE_36_5___M_H__@6.00,CL_74_9___M_2H__2__@5.84,0.483087205566815,0.407231842910127,1.61115254651355e-11,4.62932107115551e-05,Both
PE_38_3,PE_38_4,0.232370435045522,0,0.00573903642045559,0.266009328983901,Group 1
PE_38_3,PE_40_6___M_H__@6.91,0.47109247954907,0.444585454782419,6.46181874612572e-13,2.9487550022828e-07,Both
PE_38_4,PE_38_5___M_H__@6.59,0,0.306545549940966,0.716210787920886,0.00538211361965839,Group 2
PE_38_4,PE_40_5___M_H__@7.06,0.213104653447889,0.299785802194169,0.0906952224097038,0.0231213853599684,Both
PE_38_4,CL_78_7,0.337917591060459,0,7.33124332548292e-06,0.399311743225783,Group 1
PE_38_5___M_H__@6.59,PE_40_5___M_H__@7.06,0.280857984994284,0,0.00337391913722975,0.999998586380093,Group 1
PE_38_6___M_H__@6.23,PE_40_6___M_H__@6.91,0.304127829138887,0.349459409860684,2.55876252369946e-05,0.00018273476965202,Both
PE_38_6___M_H__@6.23,PE_40_7___M_H__@6.41,0.316239673630068,0,7.5706275869034e-05,0.367942063730303,Group 1
PE_38_6___M_H__@6.23,CL_78_11___M_2H__2__@6.06,0.174055841480683,0,0.171753261083476,0.999998586380093,Group 1
PE_40_6___M_H__@6.91,CL_82_11,0.186475838548248,0.310442986547161,0.0759114507202717,0.00123298350359225,Both
PE_40_7___M_H__@6.41,CL_82_13___M_2H__2__@6.36,0.268134335492389,0.344107421094207,0.00329308887407637,0.00156821267941978,Both
plasmenyl_PC_36_3___M_Na_,plasmenyl_PE_40_6___M_H__,0,0.368178935622787,0.583601741459764,0.000790808804041281,Group 2
plasmenyl_PE_34_1___M_H__,plasmenyl_PE_36_1___M_H__,0.232538495817412,0,0.0663549883594733,0.999998586380093,Group 1
plasmenyl_PE_34_1___M_H__,plasmenyl_PE_36_2___M_H__,0.336847254507815,0,5.73411704071686e-05,0.999998586380093,Group 1
plasmenyl_PE_34_2___M_H__,plasmenyl_PE_36_2___M_H__,0.300126830300221,0.348159746984677,0.000309514576354737,0.00197749721308576,Both
plasmenyl_PE_34_2___M_H__,plasmenyl_PE_36_3___M_H__,0.339809469011652,0.318536031273613,1.16779067957247e-05,0.00596069929776411,Both
plasmenyl_PE_34_2___M_H__,plasmenyl_PE_36_4___M_H__,0.238533438311465,0,0.0114250857880029,0.999998586380093,Group 1
plasmenyl_PE_36_1___M_H__,plasmenyl_PE_36_3___M_H__,0,0.360130998142963,0.999992247294925,0.00229775429410757,Group 2
plasmenyl_PE_36_2___M_H__,plasmenyl_PE_38_2,0.190852882392719,0.289128692313837,0.147352306642813,0.0219335228255416,Both
plasmenyl_PE_36_3___M_H__,plasmenyl_PE_38_3___M_H__,0.375638659976655,0.259523516561743,8.18396408278267e-07,0.105789943393426,Both
plasmenyl_PE_36_3___M_H__,plasmenyl_PEn_38_5___M_H_,0,0.237236534014243,0.999992247294925,0.14032458282352,Group 2
plasmenyl_PE_36_4___M_H__,plasmenyl_PE_38_4,0.396796132156397,0.424198479382422,3.38682821679506e-08,3.56465204415031e-05,Both
plasmenyl_PE_38_2,plasmenyl_PE_40_5,0.560774755668327,0.476936778959985,5.02506589098382e-13,9.30070895687822e-06,Both
plasmenyl_PE_38_3___M_H__,plasmenyl_PE_38_4,0.313094068334777,0,5.73473202588829e-05,0.236833183841735,Group 1
plasmenyl_PE_38_4,plasmenyl_PE_40_6___M_H__,0.292328443773402,0.234451132518261,0.000276001535334132,0.183187815078617,Both
plasmenyl_PE_40_6___M_H__,plasmenyl_PEn_38_6___M_H_,0.230123559941905,0,0.021850310061193,0.999998586380093,Group 1
SM_30_0___M__@4.63,SM_30_1,0.251358832708636,0.35489915891265,0.0221962566827229,0.00159538805086164,Both
SM_30_1,SM_32_1,0.409547750592625,0.353506420537813,1.84186940615729e-08,0.000573750893645296,Both
SM_30_1,SM_32_2,0.450461953629038,0.440511311647784,6.37650578889312e-11,1.43814824383901e-06,Both
SM_32_1,SM_38_1,0.257359888627261,0.224739502595482,0.00218948200623099,0.17981654725787,Both
SM_32_1,CerPn_32_1___M_H__@5.06,0,0.264483345573569,0.999992247294925,0.0452253017026305,Group 2
SM_32_2,SM_34_2,0.335762752532569,0.337391397337742,2.46424207318708e-06,0.00115629254605514,Both
SM_34_1,SM_34_2,0.188900200200213,0.235920827131174,0.173644417086321,0.142121523233333,Both
SM_34_1,SM_36_1,0.195561827501469,0,0.0874376155556025,0.999998586380093,Group 1
SM_34_1,SM_42_2,0.201592946447135,0,0.16403843610243,0.999998586380093,Group 1
SM_34_2,SM_36_2,0.209232612549124,0.329575245444335,0.0786797402795532,0.00382667732371873,Both
SM_34_2,SM_40_2,0.225949294648166,0.232554265557951,0.0113644926645902,0.140178160101194,Both
SM_36_0,SM_36_1,0.432795992282607,0.468838029627879,2.28734257945412e-09,3.13828830083106e-07,Both
SM_36_0,SM_38_0___M__@7.36,0.281443205737915,0,0.00159202367466382,0.200628705188484,Group 1
SM_36_0,SM_38_4,0.256306614597826,0,0.0190138150116241,0.999998586380093,Group 1
SM_36_1,SM_36_2,0.34108947674195,0.252787591958582,1.39435410991645e-05,0.0932103700130224,Both
SM_36_1,SM_38_1,0.218165263352513,0,0.014374161978529,0.999998586380093,Group 1
SM_36_2,SM_38_2,0.319961289700273,0.355399066864935,0.000136270805566891,0.0014887479449063,Both
SM_38_0___M__@7.36,SM_38_1,0.324151581543201,0.237703884046801,2.81612168662927e-05,0.14032458282352,Both
SM_38_0___M__@7.36,SM_40_0___M__@7.87,0.317461738229659,0.418197121205234,5.87051304191201e-05,2.14420786703228e-05,Both
SM_38_1,SM_40_1,0,0.237281732264827,0.284244145741365,0.0941919420266325,Group 2
SM_38_1,SM_40_2,0.497874463156622,0.418207720212708,2.70691035869992e-13,3.46313818335882e-06,Both
SM_38_2,SM_40_2,0.365536826073942,0.366711520318467,6.47818839861706e-07,0.000220872405329255,Both
SM_38_4,SM_40_4,0.340703885076971,0.497511761459136,0.000744417371091163,2.2676097477248e-05,Both
SM_40_0___M__@7.87,SM_40_1,0.431046507043318,0.336624662473174,8.8007395047403e-10,0.000573750893645296,Both
SM_40_0___M__@7.87,SM_42_0,0.275840045543251,0.354028597303881,0.000567270584013246,0.000511529284382918,Both
SM_40_1,SM_42_1,0.389804489522771,0.48918239974559,1.61927685379758e-08,1.35503345664605e-07,Both
SM_42_0,SM_42_1,0.462850716059821,0.305789708199817,1.71639992649889e-11,0.00652188552872947,Both
SM_42_0,SM_42_2,0.223210957530752,0,0.0423007663170407,0.999998586380093,Group 1
SM_42_1,SM_44_1,0.240667452654178,0.269393958142997,0.02024977024343,0.0502782355727064,Both
SM_42_2,SM_44_2,0.464143297127427,0.379181828511051,6.99192662497829e-08,0.00167128184245436,Both
SM_44_1,SM_44_2,0.265807165271843,0.345094888301279,0.0199211117386309,0.00853602879845479,Both
TG_40_0,TG_40_1___M_NH4__@9.21,0.266252066093595,0,0.000267144555908587,0.72404164428805,Group 1
TG_40_0,TG_42_0,0.390805013915067,0.419338645692568,1.32177517418268e-09,7.31281381332594e-07,Both
TG_40_0,TG_42_1,0.233029719870249,0.25770810054799,0.00157900395081656,0.0129031363662525,Both
TG_40_1___M_NH4__@9.21,TG_42_2___M_NH4__@9.25,0.374654027387107,0.33902377374855,6.70150990679115e-09,0.000263878685368418,Both
TG_40_1___M_NH4__@9.21,TG_44_2,0,0.2127943476337,0.999992247294925,0.118760440176458,Group 2
TG_42_0,TG_44_1,0.208115527712562,0.210188140927351,0.00600818531485586,0.0992538009255281,Both
TG_42_0,TG_46_0,0.208716068193834,0.236411881262293,0.0068751275435997,0.0291615787849158,Both
TG_42_1,TG_42_2___M_NH4__@9.25,0.264585923479685,0.266748305294162,7.73660637892099e-05,0.00550828524532901,Both
TG_42_1,TG_44_1,0.216338821163982,0.229453270707813,0.00189201592762538,0.0261616247351523,Both
TG_42_1,TG_44_2,0.158313197766263,0,0.13586949038933,0.999998586380093,Group 1
TG_42_2___M_NH4__@9.25,TG_44_2,0.167094684302143,0,0.100332948741544,0.294336663757739,Group 1
TG_42_2___M_NH4__@9.25,TG_46_3___M_NH4__@9.64,0.194784317780349,0,0.0221962566827229,0.999998586380093,Group 1
TG_44_1,TG_44_2,0.206390336770159,0,0.0036556779802289,0.367942063730303,Group 1
TG_44_1,TG_46_1,0.222780073948583,0.22555507115831,0.00091402375131173,0.035204187095612,Both
TG_44_1,TG_46_2,0.177898026618347,0,0.0275128668548638,0.425400433049471,Group 1
TG_44_2,TG_46_3___M_NH4__@9.64,0.26720744236415,0.249532129169134,3.30597364321001e-05,0.0121259776486581,Both
TG_46_0,TG_46_1,0.201545092866913,0.219824325353229,0.00626169066133314,0.0530768505791432,Both
TG_46_0,TG_48_0,0.303482931335252,0.324502916449823,1.40008617837486e-06,0.00015049467498719,Both
TG_46_0,TG_48_1,0.211148499233309,0.220248421647515,0.00299159999496413,0.0544359391596446,Both
TG_46_1,TG_46_2,0.206861555231141,0.222166683895488,0.00317422709138897,0.039007044806019,Both
TG_46_1,TG_48_1,0.17770602458261,0,0.0332713209228953,0.999998586380093,Group 1
TG_46_2,TG_46_3___M_NH4__@9.64,0.159983229933465,0,0.12570786959606,0.851025991369707,Group 1
TG_46_2,TG_48_2,0.148693399283336,0,0.195877847983884,0.999998586380093,Group 1
TG_46_2,TG_48_3,0.211141415365427,0.225873004868601,0.00228419815465085,0.0339051382830499,Both
TG_46_3___M_NH4__@9.64,TG_48_3,0.20561476020315,0.252349525728558,0.00640721897367288,0.0128897967265488,Both
TG_48_0,TG_50_0,0.250259417448116,0.287835957538729,0.00036294012075019,0.0023953865867025,Both
TG_48_0,TG_50_1,0.258460670609104,0,0.000145675659874071,0.999998586380093,Group 1
TG_48_1,TG_48_2,0.19925121426684,0.208501662064217,0.00626169066133314,0.0905738144174016,Both
TG_48_2,TG_48_3,0.249364657573583,0.238021659946016,0.000101738865696539,0.0192519740777911,Both
TG_48_2,TG_50_3,0.190310331209962,0,0.0150435280578049,0.294134972965378,Group 1
TG_48_3,TG_50_4,0.231620523433205,0.213896982200171,0.000567270584013246,0.0727984639458309,Both
TG_50_0,TG_50_1,0.344401345348365,0.313972572342455,6.99192662497829e-08,0.00122135243729185,Both
TG_50_0,TG_52_0,0.236547061538068,0.262136634266084,0.00165320906515839,0.0128931227110275,Both
TG_50_0,TG_52_1,0.194425298480899,0,0.0345224167160662,0.758198402604905,Group 1
TG_50_1,TG_50_2,0.307900219497528,0.27798536261935,1.44277740497198e-06,0.00599129923695153,Both
TG_50_2,TG_50_3,0.375815514307651,0.386165771017737,5.80445118949716e-10,2.57085796189378e-06,Both
TG_50_2,TG_52_2,0.201834990682065,0,0.0243804547754102,0.742280602536223,Group 1
TG_50_3,TG_50_4,0.31406589789748,0.328950301300234,3.83242787937415e-07,0.000113358277776509,Both
TG_50_4,TG_50_5,0.382636044745772,0.401120766637816,1.43107353235021e-10,4.20383221715046e-07,Both
TG_50_4,TG_52_5,0.179166132700863,0,0.036752264516221,0.999998586380093,Group 1
TG_50_5,TG_52_6,0.216767319397089,0,0.00234756099862141,0.538761873536813,Group 1
TG_50_5,TG_52_7,0.243577616856368,0.250565358143378,0.000282491371578217,0.0100475131862439,Both
TG_52_0,TG_52_1,0.258539239832617,0.248542530617325,0.000418964628756498,0.031338856641633,Both
TG_52_0,TG_54_0,0.253321484978871,0.263381934594474,0.00831459474445678,0.0529851687879578,Both
TG_52_0,TG_56_0,0.229495510222305,0,0.00891648437711931,0.827961225311487,Group 1
TG_52_1,TG_54_1,0.333326283945961,0.262497152442494,5.96316564917488e-07,0.0206501286877857,Both
TG_52_2,TG_52_4,0.403441966712958,0.417899533125897,1.06397160704937e-08,1.17088640461084e-05,Both
TG_52_4,TG_52_5,0.281521817996707,0.260490698523079,7.21338376125264e-05,0.0190656892341789,Both
TG_52_4,TG_54_5,0.198222458259505,0,0.0358519394550081,0.999998586380093,Group 1
TG_52_5,TG_52_6,0.32269237362646,0.350304819324271,1.37931416009843e-07,2.12954327786218e-05,Both
TG_52_5,TG_54_6,0.1802358917721,0,0.0358699653210258,0.999998586380093,Group 1
TG_52_6,TG_52_7,0.254783487366478,0.249620534214646,0.00012955967571863,0.0113435046426648,Both
TG_52_7,TG_54_8,0.222781134322981,0.222126364684557,0.00164084059553049,0.0539319275013233,Both
TG_52_7,TG_54_9___M_NH4__@9.62,0.227322853690025,0.257901676017193,0.00261183033547813,0.0147314922605365,Both
TG_54_0,TG_56_0,0.21144702951157,0.292051656979554,0.174511375453823,0.0364613068807258,Both
TG_54_1,TG_54_2,0.312053358656357,0.3094354098233,1.95111682740045e-06,0.00124154566683604,Both
TG_54_1,TG_56_1,0.283030604083846,0.295892698383568,3.17766173220928e-05,0.00212394906282449,Both
TG_54_2,TG_54_3,0.255657135341835,0.303780466223016,0.000270888162259379,0.00127831405253891,Both
TG_54_2,TG_56_2,0.18240901744417,0.208615370048153,0.0547284872480188,0.153764121710442,Both
TG_54_3,TG_54_4,0.414238367839137,0.425769775381738,5.8786266040876e-11,4.20383221715046e-07,Both
TG_54_3,TG_56_3,0.219638878052113,0,0.00572289826182106,0.445763097365388,Group 1
TG_54_4,TG_54_5,0.488326113390409,0.442272575432753,5.10775783421287e-15,1.36910629869989e-07,Both
TG_54_5,TG_54_6,0.406020580174747,0.401845934755298,1.49827225277372e-11,7.31281381332594e-07,Both
TG_54_6,TG_54_7,0.408574225359395,0.394088683046415,7.13837391219991e-12,9.90042553410843e-07,Both
TG_54_7,TG_54_8,0.40037941899061,0.354818387492662,1.61115254651355e-11,2.12954327786218e-05,Both
TG_54_8,TG_54_9___M_NH4__@9.62,0.176591472647068,0,0.0669963871112363,0.239245287130325,Group 1
TG_54_8,TG_56_9,0.222926440988788,0.247529250803041,0.00132185901865528,0.0121259776486581,Both
TG_54_9___M_NH4__@9.62,TG_56_10,0.316084680699184,0,1.61363468092845e-06,0.203946499781561,Group 1
TG_54_9___M_NH4__@9.62,TG_56_11___M_NH4__@9.58,0,0.226880109039031,0.999992247294925,0.157804556683186,Group 2
TG_56_0,TG_58_0,0.491778157899009,0.415235481916584,6.09472349276432e-11,7.83314962664564e-05,Both
TG_56_1,TG_56_2,0.241663489906126,0.247604763709759,0.000773774302949799,0.0180792181276792,Both
TG_56_1,TG_58_1,0.305438711130948,0.294248339413422,7.64725173121573e-06,0.00202056851376845,Both
TG_56_1,TG_62_1,0.241028123798936,0,0.00714145316536466,0.64026793761944,Group 1
TG_56_10,TG_56_11___M_NH4__@9.58,0.270150059165823,0,0.000172308655369683,0.291279034638809,Group 1
TG_56_10,TG_56_9,0.293124957294506,0.303717952246013,3.23828871157254e-06,0.000586409387684166,Both
TG_56_10,TG_58_11,0.23696086403432,0.233523157398661,0.000593257207134797,0.0364442347038573,Both
TG_56_11___M_NH4__@9.58,TG_58_12,0.374918399326041,0.241544328804337,1.01344160116927e-07,0.0983872214199088,Both
TG_56_2,TG_56_3,0.302807243693975,0.311444199903313,5.08956772240166e-06,0.000660986570163272,Both
TG_56_2,TG_58_2,0.207224552372291,0,0.00857131799243638,0.440837448790138,Group 1
TG_56_3,TG_56_4,0.288887481069286,0.310251848116089,1.90586589215222e-05,0.000985063775799613,Both
TG_56_3,TG_58_4___M_NH4__@10.96,0.194030891177135,0,0.0848930682298435,0.999998586380093,Group 1
TG_56_4,TG_56_5,0.333128861552332,0.305244917233111,1.08424933442912e-06,0.00200395191379374,Both
TG_56_4,TG_58_5,0.314068392263972,0.290685199819801,4.33259971161253e-06,0.00449491361544566,Both
TG_56_5,TG_56_6,0.420166548452219,0.368277216284968,8.09432117622726e-10,9.6467029269193e-05,Both
TG_56_6,TG_56_7,0.281308826862798,0.313964464431256,4.56456077437703e-05,0.000704945709671955,Both
TG_56_6,TG_58_6___M_NH4__@10.63,0.21225650726596,0,0.0141929152747203,0.999998586380093,Group 1
TG_56_6,TG_60_9___M_NH4__@10.40,0.240278113105157,0.232365628327509,0.00653896702305642,0.129520522781444,Both
TG_56_7,TG_56_8,0.410208648780457,0.36917911238953,3.37432417566015e-11,8.98458274599065e-06,Both
TG_56_7,TG_58_8___M_NH4__@10.33,0.268862924908656,0.304696693304716,0.000114450426501318,0.000616514412248064,Both
TG_56_8,TG_56_9,0.290681052531893,0.286420616014623,5.08637870786115e-06,0.00156142412797648,Both
TG_56_8,TG_60_12,0.169251305753294,0.213118641790059,0.125728027262846,0.11394080922306,Both
TG_56_9,TG_58_10,0.175180279766138,0,0.056084383907057,0.999998586380093,Group 1
TG_58_0,TG_60_1___M_NH4__@11.89,0.191989286790743,0,0.147782250487011,0.235495815261067,Group 1
TG_58_1,TG_58_2,0.313075315944241,0.256916475932657,2.0643433175077e-06,0.0154984756265027,Both
TG_58_1,TG_60_1___M_NH4__@11.89,0.239186176794632,0.36831011866365,0.00575462089804053,0.0002758601948224,Both
TG_58_10,TG_58_11,0.31372807467683,0.332852804373109,6.64839994741052e-07,0.000116047939200796,Both
TG_58_10,TG_58_9,0.385182577851413,0.353220009394178,2.99039879338233e-10,3.56465204415031e-05,Both
TG_58_10,TG_62_14___M_NH4__@9.87,0.215908648936096,0.229150989873183,0.01185729852132,0.129026957886765,Both
TG_58_11,TG_58_12,0.236452302410454,0.232374430347912,0.0014581431862714,0.0571008757726133,Both
TG_58_12,TG_60_13,0.270958963609673,0.219393771291716,0.000243353295524752,0.163947354529039,Both
TG_58_12,TG_62_13,0,0.226112598685074,0.999992247294925,0.168060205913618,Group 2
TG_58_2,TG_58_3,0.273264804618369,0.286151355771525,0.000101295224080279,0.00394196300987991,Both
TG_58_2,TG_60_2___M_NH4__@11.64,0.170869253195687,0,0.16452798440595,0.235495815261067,Group 1
TG_58_2,TG_60_3___M_NH4__@11.26,0.206259850223592,0,0.0172095473361114,0.999998586380093,Group 1
TG_58_3,TG_58_4___M_NH4__@10.96,0.257056843446253,0.299944671925202,0.00225479819415153,0.00976492606950551,Both
TG_58_5,TG_58_6___M_NH4__@10.63,0.368356529108067,0.360942717518853,6.84987588598662e-08,0.000163725668070453,Both
TG_58_6___M_NH4__@10.63,TG_58_7___M_NH4__@10.48,0.331443836444521,0.36621532293252,1.40008617837486e-06,7.17620185749488e-05,Both
TG_58_7___M_NH4__@10.48,TG_58_8___M_NH4__@10.33,0.327000565128242,0.348858714371295,1.39194152377956e-06,7.17620185749488e-05,Both
TG_58_7___M_NH4__@10.48,TG_60_8___M_NH4__@10.56,0.230112362843498,0,0.0177515619002055,0.999998586380093,Group 1
TG_58_8___M_NH4__@10.33,TG_58_9,0.310786713380518,0.29792483891501,1.45909011752521e-06,0.000985063775799613,Both
TG_60_1___M_NH4__@11.89,TG_62_1,0.199093745443235,0,0.157690187582927,0.999998586380093,Group 1
TG_60_10___M_NH4__@10.25,TG_60_11,0.304550623066592,0.363694203702899,1.71952408215876e-05,6.8788027874409e-05,Both
TG_60_10___M_NH4__@10.25,TG_60_9___M_NH4__@10.40,0.282902599960805,0.259485977858065,0.000519289862539743,0.039007044806019,Both
TG_60_11,TG_60_12,0.310434906482928,0.240326871004063,4.73667690378638e-06,0.0362215581929402,Both
TG_60_11,TG_62_12___M_NH4__@10.17,0.287351850591085,0.276371131281929,0.000427706050539397,0.0206501286877857,Both
TG_60_12,TG_60_13,0.279740399148831,0.308171389320618,9.21465393362324e-05,0.00150242276418108,Both
TG_60_12,TG_62_13,0.257167112288243,0.316831863506181,0.00225830686668494,0.00160729487760884,Both
TG_60_12,TG_62_14___M_NH4__@9.87,0.215389417494936,0,0.018529687588692,0.999998586380093,Group 1
TG_60_2___M_NH4__@11.64,TG_60_3___M_NH4__@11.26,0.206046283329223,0.258524801528432,0.0363430020890091,0.0397783880430614,Both
TG_60_2___M_NH4__@11.64,TG_62_3___M_NH4__@11.68,0.380477137007297,0,1.08424933442912e-06,0.999998586380093,Group 1
TG_60_3___M_NH4__@11.26,TG_60_4___M_NH4__@11.20,0.337466964303269,0.299783588574646,1.34642079908404e-05,0.010695958009531,Both
TG_60_3___M_NH4__@11.26,TG_62_2___M_NH4__@11.93,0.217486483520389,0.256025409603681,0.0421641002903259,0.0976292091935029,Both
TG_60_4___M_NH4__@11.20,TG_62_3___M_NH4__@11.68,0,0.253443704091591,0.999992247294925,0.159921796643536,Group 2
TG_60_4___M_NH4__@11.20,TG_62_4___M_NH4__@11.40,0.256780757109828,0.365482878330278,0.0332032744721441,0.00292113611424083,Both
TG_60_6___M_NH4__@10.85,TG_60_8___M_NH4__@10.56,0.244125902438147,0,0.035329652714423,0.999998586380093,Group 1
TG_60_7___M_NH4__@10.70,TG_60_8___M_NH4__@10.56,0,0.27973582665009,0.999992247294925,0.0677784859728306,Group 2
TG_60_8___M_NH4__@10.56,TG_60_9___M_NH4__@10.40,0.27878798515452,0.314513962663429,0.00308045473229895,0.00674648755531895,Both
TG_62_1,TG_62_2___M_NH4__@11.93,0.25448673669405,0.270168558701823,0.016590757292201,0.0916194669330728,Both
TG_62_11___M_NH4__@10.35,TG_62_12___M_NH4__@10.17,0.230629897679525,0.286805514834401,0.0655721881976656,0.0373181070644046,Both
CerPn_32_1___M_H__@5.06,CerPn_33_1___M_H__@5.43,0,0.355958219553315,0.999992247294925,0.00159538805086164,Group 2
CerPn_32_1___M_H__@5.06,CerPn_34_2___M_H__@5.25,0.268815548851384,0.306052015268598,0.00433903907157686,0.0102080302097385,Both
CerPn_34_0___M_H__@6.02,CerPn_34_1___M_H__@5.77,0.273765666953855,0.244583589902725,0.00119284783396868,0.163947354529039,Both
CerPn_34_0___M_H__@6.02,CerPn_36_2___M_H__@5.95,0.214831546130763,0,0.0467036636941284,0.999998586380093,Group 1
CerPn_34_1___M_H__@5.77,CerPn_34_2___M_H__@5.25,0.181995943639288,0,0.178124802438516,0.999998586380093,Group 1
CerPn_34_1___M_H__@5.77,CerPn_36_2___M_H__@5.95,0.424172885140452,0.479690730495227,1.57860642307808e-10,1.99925371514533e-07,Both
CerPn_34_2___M_H__@5.25,CerPn_36_2___M_H__@5.95,0.213286576033664,0,0.0331371495268956,0.999998586380093,Group 1
CerPn_34_2___M_H__@5.25,CerPn_42_2___M_H__@7.67,0.253896262403812,0.321516873698763,0.0130728805525415,0.00599129923695153,Both
CerPn_36_2___M_H__@5.95,CerPn_42_2___M_H__@7.67,0.214610071767196,0.321263463164223,0.0526999112879732,0.00250679865949738,Both
CL_66_1___M_2H__2__@6.17,CL_70_1,0.299529806126263,0.345674500266843,2.60143720262712e-05,0.000161759668892766,Both
CL_66_1___M_2H__2__@6.17,PA_32_1___M_H__@6.02,0.246486685585914,0.297453498233201,0.00770133235769308,0.00862112282102412,Both
CL_66_3___M_2H__2__@5.70,PEn_32_2___M_H__@5.70,0.3731663832796,0.400396783603953,8.89296531067552e-06,0.000885401872796477,Both
CL_68_1___M_2H__2__@6.49,CL_72_1,0.219840893363859,0,0.0675346479985886,0.742280602536223,Group 1
CL_68_3___M_2H__2__@6.02,CL_72_3___M_2H__2__@6.65,0.279566142985743,0.38735643260053,0.000626742112057608,7.61831046529078e-05,Both
CL_68_3___M_2H__2__@6.02,CL_72_5___M_2H__2__@6.20,0.318303098047939,0,0.000276001535334132,0.999998586380093,Group 1
CL_68_3___M_2H__2__@6.02,CL_72_7___M_2H__2__@6.03,0.309046198462219,0.321868922085865,0.000145675659874071,0.00229775429410757,Both
CL_70_1,CL_72_1,0.257465747673048,0.225688832289816,0.0028800822532614,0.163297380538029,Both
CL_70_1,CL_74_1,0.309543995289897,0.234546531008012,1.05173231573042e-05,0.0593733636260382,Both
CL_70_3,CL_70_5___M_2H__2__@5.91,0.31066013985692,0.344654079999417,2.81612168662927e-05,0.000199725065785748,Both
CL_70_3,CL_74_3,0.283990981744835,0.251215237116187,7.25300458720337e-05,0.0261616247351523,Both
CL_70_3,CL_74_7___M_2H__2__@6.18,0.297449509870947,0.267399129112091,0.000154141164274206,0.0246960606102348,Both
CL_70_5___M_2H__2__@5.91,CL_74_9___M_2H__2__@5.84,0.276172337248414,0.264212840537273,0.000224509318127522,0.0162529652190787,Both
CL_70_5___M_2H__2__@5.91,PC_34_3___M_Ac_H__@5.72,0.214037849744301,0,0.0246890781553527,0.999998586380093,Group 1
CL_70_7___M_2H__2__@5.67,PEn_34_4___M_H__@5.68,0.455696235701392,0.623097867740842,1.1947779245352e-06,1.36910629869989e-07,Both
CL_72_3___M_2H__2__@6.65,CL_74_5,0.262316872519259,0.264927986530585,0.00115709837048447,0.0363267584275764,Both
CL_72_3___M_2H__2__@6.65,CL_76_6___M_2H__2__@6.67,0.272961920992664,0,0.00228419815465085,0.779049972928535,Group 1
CL_72_5___M_2H__2__@6.20,CL_76_3,0.236706808346528,0,0.0696344662796255,0.999998586380093,Group 1
CL_72_7___M_2H__2__@6.03,CL_76_11___M_2H__2__@5.91,0.240851767812366,0,0.0248912987035112,0.745288494611374,Group 1
CL_72_7___M_2H__2__@6.03,CL_76_7,0.255206197850992,0,0.00650165945336789,0.358848057999198,Group 1
CL_74_1,CL_74_3,0.399363905186743,0.372368067792867,9.45308617522791e-10,2.64446093740771e-05,Both
CL_74_3,CL_74_5,0.252920425645516,0.301187051963947,0.000902762061494835,0.00292364721578276,Both
CL_74_3,CL_78_3,0.342018478686159,0.318062264275745,7.75938226812991e-07,0.00122135243729185,Both
CL_74_5,CL_82_15___M_2H__2__@5.91,0.20535448963363,0,0.0448998715161947,0.999998586380093,Group 1
CL_74_7___M_2H__2__@6.18,CL_78_11___M_2H__2__@6.06,0.229654072587188,0.255813217400244,0.00917766173478309,0.066155417135404,Both
CL_74_9___M_2H__2__@5.84,CL_82_15___M_2H__2__@5.91,0,0.2389211733735,0.999992247294925,0.0905738144174016,Group 2
CL_74_9___M_2H__2__@5.84,PC_36_5___M_Ac_H__@5.63,0.29130929961533,0.236951493157095,6.92763512902589e-05,0.108196862192056,Both
CL_74_9___M_2H__2__@5.84,PG_34_1___M_H__@5.88,0.21802915118149,0,0.0405952614992069,0.999998586380093,Group 1
CL_76_11___M_2H__2__@5.91,CL_80_11___M_2H__2__@6.53,0,0.310274643895638,0.999992247294925,0.00700202673811723,Group 2
CL_76_11___M_2H__2__@5.91,CL_82_15___M_2H__2__@5.91,0.227319818244625,0,0.040608337570079,0.999998586380093,Group 1
CL_76_3,PA_36_3___M_H__@6.19,0.21014999008716,0,0.172601697609704,0.935925462743991,Group 1
CL_76_6___M_2H__2__@6.67,CL_76_7,0.290917422807645,0.363152019293714,0.00155487840085239,0.00123292705031178,Both
CL_76_7,CL_78_7,0.257635730628028,0.342657717747296,0.00486067073928229,0.00160729487760884,Both
CL_78_1,CL_78_13___M_2H__2__@5.80,0,0.2420428588693,0.999992247294925,0.170282598529412,Group 2
CL_78_1,CL_82_9,0.20343823424067,0,0.0551501447962712,0.999998586380093,Group 1
CL_78_1,PEn_38_1,0.463574509790502,0.494810094252371,8.39629103596923e-09,7.31281381332594e-07,Both
CL_78_11___M_2H__2__@6.06,CL_80_13___M_2H__2__@6.04,0.267177709879517,0.285280880084625,0.00161289395666508,0.0377782203558928,Both
CL_78_11___M_2H__2__@6.06,CL_82_11,0.305073887795163,0.258518023472296,1.33029716666514e-05,0.0287470426114008,Both
CL_78_11___M_2H__2__@6.06,CL_82_13___M_2H__2__@6.36,0.190738800235687,0,0.106461761173229,0.999998586380093,Group 1
CL_78_11___M_2H__2__@6.06,CL_82_15___M_2H__2__@5.91,0.185705991581738,0,0.118710234078293,0.611275565006429,Group 1
CL_78_13___M_2H__2__@5.80,CL_82_13___M_2H__2__@6.36,0.268530452756648,0.246029482955812,0.00572289826182106,0.159505648868082,Both
CL_78_13___M_2H__2__@5.80,PEn_38_7___M_H__@5.81,0.494150252597972,0.410098707689249,3.71565544204425e-09,0.00036778042728486,Both
CL_78_3,PEn_38_2,0.51017286702356,0.51944011656873,5.93256719330598e-13,6.78256999012669e-08,Both
CL_78_7,CL_82_9,0,0.31380626126516,0.366178523709061,0.00196726187034098,Group 2
CL_78_7,PEn_40_4,0.204095850848453,0,0.0938689156010534,0.999998586380093,Group 1
CL_80_10___M_2H__2__@6.46,CL_80_11___M_2H__2__@6.53,0.467804121169521,0.417922353355057,1.8908843852576e-09,5.83091062014193e-05,Both
CL_80_11___M_2H__2__@6.53,CL_80_13___M_2H__2__@6.04,0.219360670841413,0,0.0631034213258018,0.999998586380093,Group 1
CL_82_11,CL_82_9,0.365410218231835,0.293033710862537,5.61302816416527e-08,0.00275792974619471,Both
CL_82_13___M_2H__2__@6.36,CL_82_15___M_2H__2__@5.91,0.201407715013084,0,0.106461761173229,0.999998586380093,Group 1
CL_82_5___M_2H__2__@7.05,PEn_40_3___M_H__@7.07,0.503236022120148,0.481535288181514,2.10593390991734e-09,5.18758111359073e-05,Both
CL_82_9,PEn_40_4,0.278356130338934,0.307298997718623,0.000329400930427475,0.00384190720355071,Both
PA_32_1___M_H__@6.02,PA_34_2___M_H__@6.20,0.257774422145252,0,0.0102296090353355,0.240191750874156,Group 1
PA_34_2___M_H__@6.20,PA_36_3___M_H__@6.19,0.405629270064459,0.335885353033495,6.64839994741052e-07,0.00853602879845479,Both
PA_38_1___M_H__@7.27,PA_38_3___M_H__@6.57,0.422653978304192,0,4.41192203714251e-07,0.344044063385927,Group 1
PA_38_2___M_H__@6.90,PA_38_3___M_H__@6.57,0.269657202955747,0.446794147655777,0.0258281972186299,7.06654283086516e-05,Both
PA_38_5___M_H__@6.04,plasmenyl_PEn_36_5___M_H_,0.462093783142293,0.291282020447111,1.95955688488616e-09,0.0339051382830499,Both
PC_34_3___M_Ac_H__@5.72,PCn_34_4,0.39152997189028,0,1.34635469751255e-07,0.999998586380093,Group 1
PC_36_5___M_Ac_H__@5.63,plasmenyl_PEn_36_5___M_H_,0.191994720945155,0.27573299899464,0.111290207263241,0.0394660198692487,Both
PEn_38_1,PEn_40_4,0,0.257011530441464,0.999992247294925,0.0941919420266325,Group 2
PG_34_1___M_H__@5.88,PG_36_2___M_H__@5.91,0.28185361462792,0.372665570319703,0.00463299774712258,0.00159538805086164,Both
PG_36_2___M_H__@5.91,PG_38_4___M_H__@6.06,0.485292465983027,0.477574823371292,2.2939283631959e-08,7.17620185749488e-05,Both
PG_36_2___M_H__@5.91,PI_38_3___M_H__@6.08,0.242523757172544,0,0.02024977024343,0.974373542342698,Group 1
PI_34_1___M_H__@5.73,PI_36_1___M_H__@6.33,0.348091030436816,0.241363986687206,7.21870326318905e-06,0.198260421354911,Both
PI_34_1___M_H__@5.73,PI_36_4___M_H__@5.25,0.35179794087745,0.271317772490482,8.42158652020716e-07,0.0232760072907744,Both
PI_34_1___M_H__@5.73,PI_38_6___M_H__@5.14,0.193191926195036,0,0.13543986252203,0.999998586380093,Group 1
PI_34_2___M_H__@5.26,PI_36_2___M_H__@5.92,0.302052981380967,0,9.05517340821522e-05,0.313136939386529,Group 1
PI_34_2___M_H__@5.26,PI_36_3___M_H__@5.38,0.222625283768415,0.230695086810742,0.0146186121768619,0.104261917540709,Both
PI_34_2___M_H__@5.26,PI_36_4___M_H__@5.25,0.293081194524015,0.333544621712711,0.000164583790456167,0.000937678752641641,Both
PI_34_2___M_H__@5.26,PI_38_6___M_H__@5.14,0.197182580153946,0.301608125588089,0.150326376930597,0.00753346688795771,Both
PI_36_1___M_H__@6.33,PI_36_2___M_H__@5.92,0,0.296108739778965,0.299514566056529,0.0208677989391248,Group 2
PI_36_2___M_H__@5.92,PI_36_3___M_H__@5.38,0.237572482399164,0.274773686163344,0.00613908491954167,0.0139674051736502,Both
PI_36_2___M_H__@5.92,PI_38_4___M_H__@5.89,0.245986750814103,0,0.00575462089804053,0.999998586380093,Group 1
PI_36_3___M_H__@5.38,PI_38_5___M_H__@5.40,0.465835682374267,0.447280828324132,8.85259231028347e-11,1.93594794319712e-06,Both
PI_36_4___M_H__@5.25,PI_38_4___M_H__@5.89,0.242362567931309,0,0.00596082042600088,0.999998586380093,Group 1
PI_38_3___M_H__@6.08,PI_38_4___M_H__@5.89,0.310397661539015,0.26876558525402,0.000175130489959035,0.0439369666218352,Both
PI_38_4___M_H__@5.89,PI_38_5___M_H__@5.40,0,0.272917667348465,0.999992247294925,0.0367465108789776,Group 2
PI_38_4___M_H__@5.89,PI_40_5___M_H__@6.00,0.301153013646661,0.313878297096989,0.000197687703414044,0.00653878279220544,Both
PI_38_6___M_H__@5.14,PI_40_6___M_H__@5.83,0.358503172147928,0.405885802413146,1.90586589215222e-05,0.000253446565093803,Both
PI_40_5___M_H__@6.00,PI_40_6___M_H__@5.83,0.258186951360523,0,0.00465232620338018,0.999998586380093,Group 1
plasmenyl_PEn_36_5___M_H_,plasmenyl_PEn_38_6___M_H_,0.334497910554658,0.259385101159462,1.36558669396091e-05,0.079682977385679,Both
plasmenyl_PEn_38_5___M_H_,plasmenyl_PEn_38_6___M_H_,0.353623912890446,0.400551703128269,7.08824285677552e-07,7.19943507407513e-05,Both
