Compound,ShortName,foldchange,fcdirection,fc.notes,statistic,pvalue,qvalue,DEstatus,meanchange,mc.notes,membership
CE_16_1____M_NH4__@10.70,CE_16_1,-0.23255630632472,Down,Group 2 over Group 1,-1.6735863289849,0.0958963550768872,0.365396293455175,FALSE,-0.218530896015832,Group 2 over Group 1,1
CE_18_2____M_NH4__@10.73,CE_18_2,-0.607167086263207,Down,Group 2 over Group 1,-4.46175739955292,1.44527518369412e-05,0.000744316719602473,TRUE,-0.553577806941162,Group 2 over Group 1,1
CE_18_3____M_NH4__@10.52,CE_18_3,-0.434640681309447,Down,Group 2 over Group 1,-3.05247194792734,0.00264837925313961,0.0417041124780886,TRUE,-0.269007927807219,Group 2 over Group 1,1
CE_20_3____M_NH4__@10.78,CE_20_3,-0.588122352459776,Down,Group 2 over Group 1,-4.19088801049045,4.57150863624427e-05,0.00176574521074935,TRUE,-0.268263837853619,Group 2 over Group 1,1
CE_20_4____M_NH4__@10.58,CE_20_4,-0.485870678007532,Down,Group 2 over Group 1,-3.52531867090868,0.000537401123708854,0.0181786396933846,TRUE,-0.278314574643252,Group 2 over Group 1,1
CE_20_5____M_NH4__@10.45,CE_20_5,-0.639694232616382,Down,Group 2 over Group 1,-4.7102049021631,5.03035305878837e-06,0.000310875819033121,TRUE,-0.523992029270161,Group 2 over Group 1,1
CE_22_5____M_NH4__@10.73,CE_22_5,-0.592770068249817,Down,Group 2 over Group 1,-4.20018192536121,4.45365038459397e-05,0.00176574521074935,TRUE,-0.422453999854103,Group 2 over Group 1,1
CE_22_6____M_NH4__@10.51,CE_22_6,-0.391524021081808,Down,Group 2 over Group 1,-2.89818047357967,0.00419005431940207,0.0539469493623017,FALSE,0.0168302724238323,Group 2 over Group 1,1
DG_30_0___M_NH4__@7.41,DG_30_0,-0.0704050284179307,Down,Group 2 over Group 1,-0.462307704630629,0.644582952377722,0.893166512487516,FALSE,-0.0671230674142171,Group 2 over Group 1,9
DG_30_1___M_NH4__@6.91,DG_30_1,0.304610387941312,Up,Group 2 over Group 1,2.14847801961416,0.033065557794333,0.212077407910331,FALSE,0.304610387941312,Group 2 over Group 1,NA
DG_32_1___M_NH4__@7.50,DG_32_1,0.00226787302019039,Up,Group 2 over Group 1,0.0154249602754852,0.987712484830641,0.994147093852339,FALSE,-0.0479692839064309,Group 2 over Group 1,13
DG_32_2___M_NH4__@7.06,DG_32_2,0.126115564996862,Up,Group 2 over Group 1,0.89210329555732,0.373531399176788,0.721382514660171,FALSE,0.115715917308897,Group 2 over Group 1,10
DG_34_0___M_NH4__@8.42,DG_34_0,-0.765843610139764,Down,Group 2 over Group 1,-5.7753962448428,3.45324415858854e-08,5.33526222501929e-06,TRUE,-0.574784955743267,Group 2 over Group 1,2
DG_34_2___M_NH4__@7.59,DG_34_2,-0.0649568858614918,Down,Group 2 over Group 1,-0.44806280698126,0.654689538532034,0.897597779645516,FALSE,-0.0710062396254896,Group 2 over Group 1,10
DG_34_3___M_NH4__@7.23,DG_34_3,0.121173119945915,Up,Group 2 over Group 1,0.828278898781905,0.408739740094084,0.770125485908975,FALSE,0.106734185533284,Group 2 over Group 1,10
DG_36_0___M_NH4__@8.82,DG_36_0,-0.882054603092164,Down,Group 2 over Group 1,-6.86741247777208,1.07164294224201e-10,3.31137669152781e-08,TRUE,-0.36154720261982,Group 2 over Group 1,2
DG_36_1___M_NH4__@8.51,DG_36_1,-0.303546484812847,Down,Group 2 over Group 1,-2.12019014776722,0.0354604691461928,0.214848724826933,FALSE,-0.289358090809599,Group 2 over Group 1,14
DG_36_2___M_NH4__@8.08,DG_36_2,-0.0615862240902814,Down,Group 2 over Group 1,-0.421531496151426,0.673924546529967,0.897597779645516,FALSE,-0.0304669054543901,Group 2 over Group 1,10
DG_36_3___M_NH4__@7.71,DG_36_3,0.0852821325287164,Up,Group 2 over Group 1,0.59008671292553,0.55592412818374,0.863218872405907,FALSE,0.0935484177275167,Group 2 over Group 1,10
DG_36_4___M_NH4__@7.35,DG_36_4,0.0532971976148133,Up,Group 2 over Group 1,0.363152051537987,0.716971054555939,0.907967442040103,FALSE,-0.00369393863279927,Group 2 over Group 1,10
DG_36_5___M_NH4__@6.99,DG_36_5,-0.0279709318129511,Down,Group 2 over Group 1,-0.187343074722169,0.851644384590285,0.95002929544548,FALSE,-0.0428146732285063,Group 2 over Group 1,10
DG_38_0___M_NH4__@9.23,DG_38_0,-0.687357689881787,Down,Group 2 over Group 1,-4.9147204824305,2.26344393309819e-06,0.000233134725109114,TRUE,0.00306718677623894,Group 2 over Group 1,2
DG_38_2,DG_38_2,0.143076703649963,Up,Group 2 over Group 1,1.01124891934583,0.313263233053021,0.663002322009475,FALSE,0.151737837731025,Group 2 over Group 1,10
DG_38_4___M_NH4__@7.95,DG_38_4,0.00665763571994978,Up,Group 2 over Group 1,0.0456278646233194,0.963662587923736,0.986599004751253,FALSE,0.0129083306723095,Group 2 over Group 1,7
DG_38_5___M_NH4__@7.62,DG_38_5,-0.174592689694529,Down,Group 2 over Group 1,-1.1826874706847,0.238748339427332,0.567486437561889,FALSE,-0.161060264401439,Group 2 over Group 1,7
DG_38_6___M_NH4__@7.30,DG_38_6,-0.0765510558382676,Down,Group 2 over Group 1,-0.524269025729739,0.600805551130736,0.888272322006687,FALSE,-0.0104152706426619,Group 2 over Group 1,7
DG_38_7___M_NH4__@6.93,DG_38_7,-0.0136132650238519,Down,Group 2 over Group 1,-0.0916745269543694,0.927076273272718,0.978940973734396,FALSE,-0.00150635191505212,Group 2 over Group 1,7
DG_40_0___M_NH4__@9.63,DG_40_0,-0.642474773683649,Down,Group 2 over Group 1,-4.81341087304671,3.09432924783514e-06,0.000239036934395265,TRUE,-0.249724072955202,Group 2 over Group 1,2
DG_40_5___M_NH4__@8.08,DG_40_5,0.0819136818782299,Up,Group 2 over Group 1,0.567625276500843,0.571042129647486,0.867201974490128,FALSE,0.0832128465000598,Group 2 over Group 1,7
DG_40_6___M_NH4__@7.76,DG_40_6,0.0302552080051261,Up,Group 2 over Group 1,0.202200086614899,0.840036076809681,0.945102633071869,FALSE,0.0374373034419356,Group 2 over Group 1,7
DG_40_7___M_NH4__@7.54,DG_40_7,0.0381238882178052,Up,Group 2 over Group 1,0.264604299937862,0.791634137835564,0.937452033376648,FALSE,0.0318445018917391,Group 2 over Group 1,7
DG_40_8___M_NH4__@7.17,DG_40_8,-0.0531353478353384,Down,Group 2 over Group 1,-0.366084949623371,0.714767376432458,0.907967442040103,FALSE,-0.0636107120112972,Group 2 over Group 1,7
DG_42_6,DG_42_6,0.115178023413014,Up,Group 2 over Group 1,0.739027191043261,0.461256476127653,0.787448901234501,FALSE,-0.0552356007273871,Group 2 over Group 1,2
lysoPC_14_0___M_H__@1.03,lysoPC_14_0,-0.142614291465739,Down,Group 2 over Group 1,-0.953187490292324,0.342051750833627,0.699960205348282,FALSE,-0.117025250428783,Group 2 over Group 1,4
lysoPC_16_1___M_H__@1.17,lysoPC_16_1,-0.152774283874673,Down,Group 2 over Group 1,-1.01830426204855,0.310217348207637,0.661083866180412,FALSE,-0.0851674259563722,Group 2 over Group 1,4
lysoPC_18_0,lysoPC_18_0,0.0217166409544931,Up,Group 2 over Group 1,0.143709994972438,0.885930967673423,0.970754145429389,FALSE,0.0362717239671423,Group 2 over Group 1,11
lysoPC_18_1,lysoPC_18_1,-0.00969777157045717,Down,Group 2 over Group 1,-0.0640729444983001,0.94900178404917,0.986599004751253,FALSE,0.0154945028359253,Group 2 over Group 1,4
lysoPC_18_2,lysoPC_18_2,-0.237069429735328,Down,Group 2 over Group 1,-1.62819805340923,0.105441786361036,0.378854790529769,FALSE,-0.182510672908809,Group 2 over Group 1,4
lysoPC_18_3___M_H__@1.06,lysoPC_18_3,-0.259127112011298,Down,Group 2 over Group 1,-1.78532145309222,0.0760831371877124,0.331122385788777,FALSE,-0.135516616632358,Group 2 over Group 1,4
lysoPC_20_0___M_H__@3.47,lysoPC_20_0,0.119841001706873,Up,Group 2 over Group 1,0.803563017660123,0.422921213888792,0.775443244221806,FALSE,0.101901654052553,Group 2 over Group 1,11
lysoPC_20_1,lysoPC_20_1,0.0356139332147714,Up,Group 2 over Group 1,0.238775424651991,0.811603920094531,0.937452033376648,FALSE,0.0340525259469667,Group 2 over Group 1,8
lysopC_20_2,lysopC_20_2,-0.0620880017177529,Down,Group 2 over Group 1,-0.430599600667748,0.667305640887755,0.897597779645516,FALSE,-0.0592480190645557,Group 2 over Group 1,8
lysoPC_20_3,lysoPC_20_3,-0.157127633473167,Down,Group 2 over Group 1,-1.07750613025973,0.282855997775682,0.647425950464338,FALSE,-0.124209392394824,Group 2 over Group 1,8
lysoPC_20_4,lysoPC_20_4,-0.0631402131102626,Down,Group 2 over Group 1,-0.425315104187109,0.671203589153875,0.897597779645516,FALSE,-0.0586684021195356,Group 2 over Group 1,8
lysoPC_22_0___M_H__@4.23,lysoPC_22_0,-0.0423407375666911,Down,Group 2 over Group 1,-0.289901785960674,0.772260518063817,0.937452033376648,FALSE,-0.08804964153477,Group 2 over Group 1,11
lysoPC_22_4___M_H__@1.82,lysoPC_22_4,-0.0410845462160268,Down,Group 2 over Group 1,-0.285241975004324,0.775804903736516,0.937452033376648,FALSE,-0.0458834026222191,Group 2 over Group 1,8
lysoPC_22_5,lysoPC_22_5,-0.134851708546396,Down,Group 2 over Group 1,-0.938708662181317,0.349205249451184,0.705257660656313,FALSE,-0.0964098597316196,Group 2 over Group 1,8
lysoPC_22_6,lysoPC_22_6,-0.159873998870698,Down,Group 2 over Group 1,-1.10858362350645,0.269192165365168,0.630154387104826,FALSE,-0.0816379358991021,Group 2 over Group 1,8
lysoPC_24_0___M_H__@5.09,lysoPC_24_0,-0.144642448285699,Down,Group 2 over Group 1,-1.02512102201584,0.30667993795372,0.661083866180412,FALSE,-0.115316780281182,Group 2 over Group 1,11
lysoPE_16_0___M_H__@1.70,lysoPE_16_0,0.282172431037138,Up,Group 2 over Group 1,1.96253870831339,0.0513689454462104,0.26362024102506,FALSE,0.249503301809929,Group 2 over Group 1,11
lysoPE_18_0,lysoPE_18_0,0.250933062697562,Up,Group 2 over Group 1,1.70317956374048,0.0905581349812367,0.363408619600028,FALSE,0.12002631464335,Group 2 over Group 1,11
lysoPE_18_1,lysoPE_18_1,-0.0629740237200544,Down,Group 2 over Group 1,-0.435427996768568,0.663810377369572,0.897597779645516,FALSE,-0.00161907422842016,Group 2 over Group 1,4
lysoPE_18_2___M_H__@1.39,lysoPE_18_2,-0.101532722036824,Down,Group 2 over Group 1,-0.712555865427044,0.477065186218966,0.799643922299221,FALSE,0.0464097487636081,Group 2 over Group 1,4
lysoPE_18_3___M_H__@1.12,lysoPE_18_3,-0.110703365535412,Down,Group 2 over Group 1,-0.783277544805766,0.434493949960682,0.776458803241468,FALSE,0.0183702974579834,Group 2 over Group 1,4
lysoPE_20_1___M_H__@1.38,lysoPE_20_1,-0.0674529911570248,Down,Group 2 over Group 1,-0.467838155939274,0.64050031395765,0.893166512487516,FALSE,-0.0555337669776527,Group 2 over Group 1,4
lysoPE_20_2___M_Na__@1.49,lysoPE_20_2,-0.0497001615179412,Down,Group 2 over Group 1,-0.333892626517352,0.73892122080975,0.916974527028967,FALSE,-0.0418596539575877,Group 2 over Group 1,4
lysoPE_20_3,lysoPE_20_3,-0.107442198176588,Down,Group 2 over Group 1,-0.746124560566413,0.456622658615763,0.783868897290394,FALSE,-0.0501500414159745,Group 2 over Group 1,8
lysoPE_20_4___M_H__@1.34,lysoPE_20_4,-0.0680300180524113,Down,Group 2 over Group 1,-0.471208373164881,0.638099540980974,0.893166512487516,FALSE,-0.0295069751599436,Group 2 over Group 1,4
lysoPE_22_5___M_H__@1.54,lysoPE_22_5,-0.0990787103170834,Down,Group 2 over Group 1,-0.703461904483258,0.482667921031966,0.801851546230524,FALSE,-0.0720627356652187,Group 2 over Group 1,4
lysoPE_22_6___M_H__@1.26,lysoPE_22_6,-0.100717716531646,Down,Group 2 over Group 1,-0.718746570851453,0.473207843714221,0.799643922299221,FALSE,0.0067508639011098,Group 2 over Group 1,8
MG_18_1___M_NH4__@2.98,MG_18_1,0.499748242691076,Up,Group 2 over Group 1,3.4829370541749,0.00064442010161276,0.0181786396933846,TRUE,0.41816508212137,Group 2 over Group 1,9
MG_18_2,MG_18_2,0.224183385395962,Up,Group 2 over Group 1,1.50607291209915,0.134171187407724,0.420491934062767,FALSE,-0.0899724834807159,Group 2 over Group 1,9
MG_18_4___M_NH4__@0.61,MG_18_4,0.0676163401027304,Up,Group 2 over Group 1,0.471912748389222,0.637582996099546,0.893166512487516,FALSE,-0.0166110081313599,Group 2 over Group 1,9
MG_20_4___M_NH4__@0.84,MG_20_4,-0.169749562162988,Down,Group 2 over Group 1,-1.18516308467195,0.237589569681227,0.567486437561889,FALSE,-0.231586144901332,Group 2 over Group 1,9
MG_22_4___M_NH4__@1.19,MG_22_4,-0.0990750684391673,Down,Group 2 over Group 1,-0.674586450370356,0.500918389336893,0.802695995736988,FALSE,-0.0814590781604977,Group 2 over Group 1,NA
MG_22_5___M_NH4__@1.00,MG_22_5,-0.181635698286536,Down,Group 2 over Group 1,-1.26055378923401,0.209215471191243,0.534277525604084,FALSE,-0.125247381411745,Group 2 over Group 1,NA
PC_26_0,PC_26_0,-0.0150014003943927,Down,Group 2 over Group 1,-0.100825877702065,0.919821331932699,0.978940973734396,FALSE,-0.0123296365380833,Group 2 over Group 1,6
PC_28_0___M_H__@5.23,PC_28_0,-0.0756172582519092,Down,Group 2 over Group 1,-0.508150223255005,0.612085652816782,0.893166512487516,FALSE,-0.0597309746071671,Group 2 over Group 1,6
PC_28_1___M_H__@4.69,PC_28_1,-0.218782712785438,Down,Group 2 over Group 1,-1.48652496546163,0.13916959511915,0.421602008743306,FALSE,-0.212201500604699,Group 2 over Group 1,6
PC_30_0___M_H__@5.91,PC_30_0,-0.00966793559681975,Down,Group 2 over Group 1,-0.0656592828920317,0.947732000397091,0.986599004751253,FALSE,0.0203312583683813,Group 2 over Group 1,6
PC_30_1,PC_30_1,-0.115143239927817,Down,Group 2 over Group 1,-0.804437460656029,0.42224715358204,0.775443244221806,FALSE,-0.0907566014700757,Group 2 over Group 1,6
PC_30_2___M_H__@4.84,PC_30_2,-0.114096037656449,Down,Group 2 over Group 1,-0.789015014886036,0.431218198941173,0.776458803241468,FALSE,-0.110224275182036,Group 2 over Group 1,6
PC_30_3___M_H__@5.14,PC_30_3,-0.000127308505073748,Down,Group 2 over Group 1,-0.000861463318557072,0.999313751655656,0.999313751655656,FALSE,-0.000127308505073748,Group 2 over Group 1,NA
PC_32_0,PC_32_0,0.161379263479443,Up,Group 2 over Group 1,1.08994922383742,0.277446116667366,0.644592857520421,FALSE,0.15986409861611,Group 2 over Group 1,6
PC_32_1,PC_32_1,0.100203148061094,Up,Group 2 over Group 1,0.709787483106277,0.478751215616038,0.799643922299221,FALSE,0.153084865130411,Group 2 over Group 1,1
PC_32_2,PC_32_2,-0.199719405875928,Down,Group 2 over Group 1,-1.40420645560459,0.16203071605814,0.459334782219865,FALSE,-0.134714769824435,Group 2 over Group 1,4
PC_32_3___M_H__@5.13,PC_32_3,-0.119192767770269,Down,Group 2 over Group 1,-0.886342172055388,0.376512797438654,0.72262394042574,FALSE,-0.100112543417093,Group 2 over Group 1,4
PC_32_4___M_H__@5.37,PC_32_4,-0.121904951154305,Down,Group 2 over Group 1,-0.820187558465525,0.413394801576281,0.77417571931558,FALSE,-0.0815455646474083,Group 2 over Group 1,6
PC_34_1___M_H__@6.61,PC_34_1,-0.151077796870384,Down,Group 2 over Group 1,-1.03090197615478,0.30414926893834,0.661083866180412,FALSE,-0.138340192926424,Group 2 over Group 1,10
PC_34_5,PC_34_5,-0.247388143767549,Down,Group 2 over Group 1,-1.70736246530528,0.0896571921176842,0.363408619600028,FALSE,-0.113848673795488,Group 2 over Group 1,4
PC_36_1___M_H__@7.23,PC_36_1,-0.165309326124072,Down,Group 2 over Group 1,-1.18491805171413,0.23756751634362,0.567486437561889,FALSE,-0.152874218862179,Group 2 over Group 1,3
PC_36_2___M_H__@6.77,PC_36_2,-0.327902660830526,Down,Group 2 over Group 1,-2.2820706883242,0.0237652633866488,0.166896963328965,FALSE,-0.249504691835431,Group 2 over Group 1,10
PC_36_6,PC_36_6,-0.208093860875719,Down,Group 2 over Group 1,-1.51327247349709,0.131868172585111,0.420491934062767,FALSE,-0.127492449069833,Group 2 over Group 1,4
PC_36_7___M_H__@5.52,PC_36_7,-0.200372426872476,Down,Group 2 over Group 1,-1.36721861693759,0.173497512286302,0.478667243718458,FALSE,-0.103964377922974,Group 2 over Group 1,4
PC_38_2___M_H__@7.36,PC_38_2,0.104549833200439,Up,Group 2 over Group 1,0.710765764791207,0.478277172188554,0.799643922299221,FALSE,0.128026262924398,Group 2 over Group 1,3
PC_38_3___M_H__@7.02,PC_38_3,-0.0071290714509886,Down,Group 2 over Group 1,-0.0498918759994612,0.96026545452645,0.986599004751253,FALSE,-0.044572216673483,Group 2 over Group 1,3
PC_38_6,PC_38_6,-0.114307131891725,Down,Group 2 over Group 1,-0.803688977655208,0.422656949990834,0.775443244221806,FALSE,-0.0963396080760259,Group 2 over Group 1,4
PC_38_7,PC_38_7,-0.333815755543153,Down,Group 2 over Group 1,-2.29717974579622,0.0229214178757489,0.166896963328965,FALSE,-0.277530558094913,Group 2 over Group 1,4
PC_40_10___M_H__@5.52,PC_40_10,-0.449517899307877,Down,Group 2 over Group 1,-3.11119688098486,0.00221911973067642,0.0416870256025616,TRUE,-0.302347805639799,Group 2 over Group 1,4
PC_40_4,PC_40_4,0.00530726531624646,Up,Group 2 over Group 1,0.0371671778419985,0.970393988703912,0.989609711252504,FALSE,0.0174459408733225,Group 2 over Group 1,3
PC_40_5___M_H__@6.94,PC_40_5,-0.182851683255257,Down,Group 2 over Group 1,-1.23952743848896,0.217025661002768,0.549679747949633,FALSE,-0.17657005355096,Group 2 over Group 1,3
PC_40_6___M_H__@6.82,PC_40_6,-0.0127480515194058,Down,Group 2 over Group 1,-0.0901707928325885,0.928251473476305,0.978940973734396,FALSE,0.0591524750795869,Group 2 over Group 1,3
PC_40_8___M_H__@5.73,PC_40_8,-0.151373482214039,Down,Group 2 over Group 1,-1.04125320303098,0.299291694630478,0.659228376831291,FALSE,-0.134318028647814,Group 2 over Group 1,NA
PC_42_10,PC_42_10,-0.0994773414159431,Down,Group 2 over Group 1,-0.684736658016162,0.494469918888227,0.802695995736988,FALSE,-0.0297307348030688,Group 2 over Group 1,NA
PC_42_2___M_H__@8.51,PC_42_2,-0.098279513035987,Down,Group 2 over Group 1,-0.678255134236828,0.498550676792317,0.802695995736988,FALSE,-0.0623530099906947,Group 2 over Group 1,11
PE_34_1,PE_34_1,0.423157143575897,Up,Group 2 over Group 1,3.04281638518695,0.00269929530602515,0.0417041124780886,TRUE,0.314179531541092,Group 2 over Group 1,3
PE_34_2,PE_34_2,0.286550810741605,Up,Group 2 over Group 1,2.04595821060511,0.0422133567483751,0.232927272057999,FALSE,0.145386472078818,Group 2 over Group 1,3
PE_34_3___M_H__@6.00,PE_34_3,0.35772731466848,Up,Group 2 over Group 1,2.59223975989238,0.0102985348173255,0.0909213502443878,FALSE,0.251089791131219,Group 2 over Group 1,3
PE_36_1___M_H__@7.41,PE_36_1,0.273419696075949,Up,Group 2 over Group 1,1.9516492503082,0.0525270493160555,0.26362024102506,FALSE,0.248221326838521,Group 2 over Group 1,3
PE_36_2,PE_36_2,0.313132549463333,Up,Group 2 over Group 1,2.25823625006544,0.0251043362080356,0.172383108628511,FALSE,0.207281950231991,Group 2 over Group 1,3
PE_36_3,PE_36_3,0.479299897291035,Up,Group 2 over Group 1,3.47246959235042,0.000647136040864824,0.0181786396933846,TRUE,0.415868137067723,Group 2 over Group 1,3
PE_36_4___M_H__@6.33,PE_36_4,0.431161841698922,Up,Group 2 over Group 1,3.07733172263969,0.00242837042345019,0.0416870256025616,TRUE,0.158102030388978,Group 2 over Group 1,3
PE_36_5___M_H__@6.00,PE_36_5,0.0688392468118004,Up,Group 2 over Group 1,0.491623329456953,0.623568923831511,0.893166512487516,FALSE,0.0404512454218897,Group 2 over Group 1,4
PE_38_3,PE_38_3,0.320849966187886,Up,Group 2 over Group 1,2.28805286835078,0.023308246801048,0.166896963328965,FALSE,0.215082572076506,Group 2 over Group 1,3
PE_38_4,PE_38_4,0.347707117711581,Up,Group 2 over Group 1,2.42817145893471,0.0162454729118892,0.125496278244344,FALSE,0.168250417591174,Group 2 over Group 1,3
PE_38_5___M_H__@6.59,PE_38_5,0.374103345177634,Up,Group 2 over Group 1,2.65125679374138,0.00876601449072281,0.0866450012167373,FALSE,0.248804275624645,Group 2 over Group 1,3
PE_38_6___M_H__@6.23,PE_38_6,0.451942322062977,Up,Group 2 over Group 1,3.22704605409761,0.00149724926616782,0.0330464302318469,TRUE,0.175591564448122,Group 2 over Group 1,3
PE_40_5___M_H__@7.06,PE_40_5,0.151522530478816,Up,Group 2 over Group 1,1.03801768672504,0.300812948651172,0.659228376831291,FALSE,0.0176874208253233,Group 2 over Group 1,3
PE_40_6___M_H__@6.91,PE_40_6,0.288943781192593,Up,Group 2 over Group 1,2.07382101415227,0.0394984757057099,0.231459940939759,FALSE,-0.0439923977546969,Group 2 over Group 1,3
PE_40_7___M_H__@6.41,PE_40_7,0.255598655387279,Up,Group 2 over Group 1,1.75586979599775,0.0810217026319443,0.342725465108966,FALSE,0.176140649001978,Group 2 over Group 1,3
plasmenyl_PC_18_0___M_Na_,plasmenyl_PC_18_0,-0.0568632683544304,Down,Group 2 over Group 1,-0.376149378290579,0.707362544965281,0.907967442040103,FALSE,-0.0191465761416639,Group 2 over Group 1,4
plasmenyl_PC_36_3___M_Na_,plasmenyl_PC_36_3,0.00660680210001046,Up,Group 2 over Group 1,0.0509478225826246,0.959419588921843,0.986599004751253,FALSE,0.00630503091872451,Group 2 over Group 1,5
plasmenyl_PE_18_0___M_Na_,plasmenyl_PE_18_0,0.00647820228109635,Up,Group 2 over Group 1,0.0448886774980125,0.964248865485043,0.986599004751253,FALSE,0.0601495031743327,Group 2 over Group 1,4
plasmenyl_PE_34_1___M_H__,plasmenyl_PE_34_1,-0.0464727443027513,Down,Group 2 over Group 1,-0.329104025271549,0.742457619936405,0.917677618241397,FALSE,-0.0297002423281615,Group 2 over Group 1,5
plasmenyl_PE_34_2___M_H__,plasmenyl_PE_34_2,-0.149828066461973,Down,Group 2 over Group 1,-1.04572427491876,0.297155231014889,0.659228376831291,FALSE,-0.0793556021350417,Group 2 over Group 1,5
plasmenyl_PE_36_1___M_H__,plasmenyl_PE_36_1,-0.217421937106392,Down,Group 2 over Group 1,-1.53310751518044,0.127045352140351,0.420491934062767,FALSE,-0.189898817838643,Group 2 over Group 1,5
plasmenyl_PE_36_2___M_H__,plasmenyl_PE_36_2,-0.214391058379224,Down,Group 2 over Group 1,-1.49759918649776,0.136081532059148,0.420491934062767,FALSE,-0.0618953883624254,Group 2 over Group 1,5
plasmenyl_PE_36_3___M_H__,plasmenyl_PE_36_3,-0.188544495303379,Down,Group 2 over Group 1,-1.31869842473206,0.18901968209571,0.503509325582538,FALSE,-0.0623020331455932,Group 2 over Group 1,5
plasmenyl_PE_36_4___M_H__,plasmenyl_PE_36_4,-0.231070375085469,Down,Group 2 over Group 1,-1.66585476052771,0.0974217099074365,0.365396293455175,FALSE,-0.168014155659855,Group 2 over Group 1,5
plasmenyl_PE_38_2,plasmenyl_PE_38_2,-0.361983735581128,Down,Group 2 over Group 1,-2.53900484063899,0.0120280344830239,0.103240629312622,FALSE,-0.248685654667672,Group 2 over Group 1,5
plasmenyl_PE_38_3___M_H__,plasmenyl_PE_38_3,-0.209204045381316,Down,Group 2 over Group 1,-1.45599405248781,0.147248849993797,0.429244289132861,FALSE,-0.119220103113524,Group 2 over Group 1,5
plasmenyl_PE_38_4,plasmenyl_PE_38_4,-0.371716056199393,Down,Group 2 over Group 1,-2.70146067559546,0.00754385225130457,0.0803810464018315,FALSE,-0.19549627488778,Group 2 over Group 1,5
plasmenyl_PE_40_5,plasmenyl_PE_40_5,-0.458176160117481,Down,Group 2 over Group 1,-3.18448612193753,0.00174985107231516,0.0360469320896922,TRUE,-0.273545349564881,Group 2 over Group 1,5
plasmenyl_PE_40_6___M_H__,plasmenyl_PE_40_6,-0.296636691494926,Down,Group 2 over Group 1,-2.12445545425213,0.0349866596296175,0.214848724826933,FALSE,-0.195884044745788,Group 2 over Group 1,5
SM_30_0___M__@4.63,SM_30_0,-0.140191830693587,Down,Group 2 over Group 1,-0.932363254927736,0.352698040043906,0.707241852604765,FALSE,-0.118679768793793,Group 2 over Group 1,6
SM_30_1,SM_30_1,-0.0355860670742756,Down,Group 2 over Group 1,-0.246634232906823,0.805489600757695,0.937452033376648,FALSE,0.0470013749181717,Group 2 over Group 1,6
SM_32_1,SM_32_1,0.056257917184852,Up,Group 2 over Group 1,0.395876212849158,0.692671303831184,0.906403942369822,FALSE,0.0648224138681958,Group 2 over Group 1,6
SM_32_2,SM_32_2,-0.0662915595773616,Down,Group 2 over Group 1,-0.470039222824058,0.638891421714985,0.893166512487516,FALSE,-0.0419229128698292,Group 2 over Group 1,6
SM_34_1,SM_34_1,-0.116527945755728,Down,Group 2 over Group 1,-0.797006011802767,0.426619260575104,0.775443244221806,FALSE,-0.0680657774700734,Group 2 over Group 1,6
SM_34_2,SM_34_2,0.0488496954575792,Up,Group 2 over Group 1,0.339362954921566,0.734753164482464,0.916974527028967,FALSE,0.0960664813135624,Group 2 over Group 1,6
SM_36_0,SM_36_0,-0.0382193541330683,Down,Group 2 over Group 1,-0.252858040989298,0.800740031138262,0.937452033376648,FALSE,-0.0314239135294482,Group 2 over Group 1,6
SM_36_1,SM_36_1,-0.053874155094989,Down,Group 2 over Group 1,-0.3635629380924,0.716681825025368,0.907967442040103,FALSE,-0.0298349162249571,Group 2 over Group 1,6
SM_36_2,SM_36_2,0.0349465236249608,Up,Group 2 over Group 1,0.233550728608123,0.815654347741541,0.937452033376648,FALSE,0.0308542432307872,Group 2 over Group 1,6
SM_38_0___M__@7.36,SM_38_0,-0.11524341973062,Down,Group 2 over Group 1,-0.798343513728838,0.425794767472174,0.775443244221806,FALSE,-0.0937562960755809,Group 2 over Group 1,6
SM_38_1,SM_38_1,-0.222420127716498,Down,Group 2 over Group 1,-1.58702820927711,0.114243343784931,0.392235480328262,FALSE,-0.161309589264109,Group 2 over Group 1,6
SM_38_2,SM_38_2,-0.191146579919134,Down,Group 2 over Group 1,-1.28237377217944,0.201706161272459,0.52867749896387,FALSE,-0.15574819546259,Group 2 over Group 1,6
SM_38_4,SM_38_4,0.0418858327269589,Up,Group 2 over Group 1,0.283988553568784,0.776793071809975,0.937452033376648,FALSE,0.0416528089243275,Group 2 over Group 1,6
SM_40_0___M__@7.87,SM_40_0,-0.273013236360498,Down,Group 2 over Group 1,-1.85633594280979,0.0653198923434262,0.298397471801681,FALSE,-0.131150623271396,Group 2 over Group 1,6
SM_40_1,SM_40_1,-0.39489266884831,Down,Group 2 over Group 1,-2.75897892114774,0.00645959290467502,0.0739264521312807,FALSE,-0.159389715486147,Group 2 over Group 1,6
SM_40_2,SM_40_2,-0.26242420443174,Down,Group 2 over Group 1,-1.88557784370828,0.060927158869871,0.294163938918596,FALSE,-0.103632990342425,Group 2 over Group 1,6
SM_40_4,SM_40_4,-0.206216015911706,Down,Group 2 over Group 1,-1.33310408880943,0.18485220876685,0.496689847903972,FALSE,-0.224460339079763,Group 2 over Group 1,6
SM_42_0,SM_42_0,-0.172184347940475,Down,Group 2 over Group 1,-1.18435354351791,0.237993051888815,0.567486437561889,FALSE,0.0232161955097263,Group 2 over Group 1,6
SM_42_1,SM_42_1,-0.340309417713255,Down,Group 2 over Group 1,-2.3770946888202,0.018586903981068,0.140081788540244,FALSE,-0.075252818039465,Group 2 over Group 1,6
SM_42_2,SM_42_2,-0.126428620559264,Down,Group 2 over Group 1,-0.873728538920978,0.383520829275281,0.731530470654702,FALSE,-0.0719249245550064,Group 2 over Group 1,6
SM_44_1,SM_44_1,-0.218157646025003,Down,Group 2 over Group 1,-1.46703266287807,0.144469999824658,0.429242595632879,FALSE,-0.0972410928186659,Group 2 over Group 1,6
SM_44_2,SM_44_2,-0.099285298919343,Down,Group 2 over Group 1,-0.688080228483941,0.492345697983648,0.802695995736988,FALSE,0.0213497386961068,Group 2 over Group 1,6
TG_40_0,TG_40_0,0.0138405464544408,Up,Group 2 over Group 1,0.0930886972906971,0.92595515713856,0.978940973734396,FALSE,0.0115829441896999,Group 2 over Group 1,13
TG_40_1___M_NH4__@9.21,TG_40_1,-0.0993233671265823,Down,Group 2 over Group 1,-0.687655503523977,0.492615634163659,0.802695995736988,FALSE,-0.095642040613284,Group 2 over Group 1,13
TG_42_0,TG_42_0,0.0962837217617952,Up,Group 2 over Group 1,0.654558200774962,0.513703225694309,0.809868860916028,FALSE,0.084237015683012,Group 2 over Group 1,13
TG_42_1,TG_42_1,0.0310599957439063,Up,Group 2 over Group 1,0.216105229947921,0.829162158354942,0.941952599013519,FALSE,0.0268858179291461,Group 2 over Group 1,13
TG_42_2___M_NH4__@9.25,TG_42_2,0.0015958155995397,Up,Group 2 over Group 1,0.0111436295407093,0.991121634722096,0.994339562107557,FALSE,0.0236140975051996,Group 2 over Group 1,13
TG_44_1,TG_44_1,0.0216848820835861,Up,Group 2 over Group 1,0.149407107927761,0.881413399466594,0.969241069164333,FALSE,-0.0124397347211479,Group 2 over Group 1,13
TG_44_2,TG_44_2,0.067277697967779,Up,Group 2 over Group 1,0.468813417940161,0.639795400951881,0.893166512487516,FALSE,0.0652400153998794,Group 2 over Group 1,13
TG_46_0,TG_46_0,0.0420995556263208,Up,Group 2 over Group 1,0.289116053182164,0.772856828005445,0.937452033376648,FALSE,0.011549638405412,Group 2 over Group 1,13
TG_46_1,TG_46_1,0.0351249691439481,Up,Group 2 over Group 1,0.240081639357651,0.810570957889374,0.937452033376648,FALSE,0.01669800764686,Group 2 over Group 1,13
TG_46_2,TG_46_2,0.0470775251138194,Up,Group 2 over Group 1,0.323636246915395,0.746623389715738,0.918622738172016,FALSE,0.0276627681260529,Group 2 over Group 1,13
TG_46_3___M_NH4__@9.64,TG_46_3,0.0487889466300868,Up,Group 2 over Group 1,0.334977189661559,0.738069766519468,0.916974527028967,FALSE,-0.00705412400022094,Group 2 over Group 1,13
TG_48_0,TG_48_0,0.0799457831407051,Up,Group 2 over Group 1,0.556777447672822,0.578403495241982,0.867605242862973,FALSE,0.0621619658179409,Group 2 over Group 1,14
TG_48_1,TG_48_1,0.0487997766283084,Up,Group 2 over Group 1,0.339428845546225,0.734701991536427,0.916974527028967,FALSE,0.0335182595666903,Group 2 over Group 1,13
TG_48_2,TG_48_2,0.022722822052516,Up,Group 2 over Group 1,0.157661719365377,0.874910186286471,0.968986550403296,FALSE,0.00156724004044236,Group 2 over Group 1,13
TG_48_3,TG_48_3,0.0202287181300345,Up,Group 2 over Group 1,0.139501669956423,0.889221976647837,0.970917281922903,FALSE,-0.00971976053256453,Group 2 over Group 1,13
TG_50_0,TG_50_0,0.0814516326135579,Up,Group 2 over Group 1,0.562657508937384,0.574420929008069,0.867201974490128,FALSE,0.0500668785908148,Group 2 over Group 1,14
TG_50_1,TG_50_1,0.107132442105241,Up,Group 2 over Group 1,0.75489771194507,0.451308748336147,0.779103640324138,FALSE,0.0650791734221725,Group 2 over Group 1,14
TG_50_2,TG_50_2,0.068195909413537,Up,Group 2 over Group 1,0.483065393024083,0.629633255219282,0.893166512487516,FALSE,0.0280272898386498,Group 2 over Group 1,10
TG_50_3,TG_50_3,-0.0156151824040172,Down,Group 2 over Group 1,-0.108860882267898,0.913439075324898,0.978940973734396,FALSE,-0.0470092588954358,Group 2 over Group 1,10
TG_50_4,TG_50_4,-0.0676559123168742,Down,Group 2 over Group 1,-0.468869842810726,0.639765752531596,0.893166512487516,FALSE,-0.0614300591133718,Group 2 over Group 1,10
TG_50_5,TG_50_5,-0.123904792467308,Down,Group 2 over Group 1,-0.85313727747279,0.394820269677764,0.748462965217356,FALSE,-0.0866056609709804,Group 2 over Group 1,10
TG_52_0,TG_52_0,-0.07838140987551,Down,Group 2 over Group 1,-0.534883971794256,0.593470336486858,0.881645836415573,FALSE,-0.0859708370962337,Group 2 over Group 1,14
TG_52_1,TG_52_1,0.0856465087308296,Up,Group 2 over Group 1,0.610812447397675,0.542077266682463,0.85026332692833,FALSE,0.125984673171563,Group 2 over Group 1,14
TG_52_2,TG_52_2,0.0459481142334972,Up,Group 2 over Group 1,0.320247421164652,0.749168058315042,0.918622738172016,FALSE,0.0506991470571335,Group 2 over Group 1,10
TG_52_3,TG_52_3,0.24869752412993,Up,Group 2 over Group 1,1.51868474121673,0.131901652254339,0.420491934062767,FALSE,0.204632515259609,Group 2 over Group 1,2
TG_52_4,TG_52_4,-0.0843434001751229,Down,Group 2 over Group 1,-0.577580472908087,0.564347201787141,0.867201974490128,FALSE,-0.0967039738152671,Group 2 over Group 1,10
TG_52_5,TG_52_5,-0.0817756759790773,Down,Group 2 over Group 1,-0.561346889869413,0.57532817077824,0.867201974490128,FALSE,-0.0426021636539788,Group 2 over Group 1,10
TG_52_6,TG_52_6,-0.180165342851867,Down,Group 2 over Group 1,-1.22901991477226,0.220886048534828,0.554908853636276,FALSE,-0.116363169214645,Group 2 over Group 1,10
TG_52_7,TG_52_7,-0.218000757560519,Down,Group 2 over Group 1,-1.48888391068368,0.138509754033255,0.421602008743306,FALSE,-0.116505623768769,Group 2 over Group 1,7
TG_54_0,TG_54_0,-0.249269862444816,Down,Group 2 over Group 1,-1.64558668799747,0.102120217324174,0.371237025331409,FALSE,-0.214882031795399,Group 2 over Group 1,14
TG_54_1,TG_54_1,0.10930515309865,Up,Group 2 over Group 1,0.766795317467888,0.444233466410166,0.779103640324138,FALSE,0.154579759281515,Group 2 over Group 1,14
TG_54_2,TG_54_2,0.170430450009624,Up,Group 2 over Group 1,1.20156543122471,0.231136822950975,0.567486437561889,FALSE,0.125018474651138,Group 2 over Group 1,14
TG_54_3,TG_54_3,0.208706383445758,Up,Group 2 over Group 1,1.47366286347706,0.142349423713724,0.427048271141172,FALSE,0.12491240863406,Group 2 over Group 1,14
TG_54_4,TG_54_4,0.0971556579966524,Up,Group 2 over Group 1,0.676772408360851,0.499460325320251,0.802695995736988,FALSE,-0.0101231295905455,Group 2 over Group 1,14
TG_54_5,TG_54_5,0.00908356135966106,Up,Group 2 over Group 1,0.062879239785501,0.949936975620893,0.986599004751253,FALSE,-0.0273520466804371,Group 2 over Group 1,10
TG_54_6,TG_54_6,-0.0501374590270949,Down,Group 2 over Group 1,-0.345027764222361,0.730511545187319,0.916974527028967,FALSE,-0.0350089527010989,Group 2 over Group 1,10
TG_54_7,TG_54_7,-0.172855682745371,Down,Group 2 over Group 1,-1.18319355901577,0.238480855853404,0.567486437561889,FALSE,-0.112347211209438,Group 2 over Group 1,10
TG_54_8,TG_54_8,-0.224845993363113,Down,Group 2 over Group 1,-1.52551528206626,0.129179766743396,0.420491934062767,FALSE,-0.0887848562343793,Group 2 over Group 1,7
TG_54_9___M_NH4__@9.62,TG_54_9,-0.294480114029187,Down,Group 2 over Group 1,-2.06375975200959,0.0405601290853644,0.231459940939759,FALSE,-0.202509659796108,Group 2 over Group 1,7
TG_56_0,TG_56_0,-0.23820196887143,Down,Group 2 over Group 1,-1.6225529041587,0.10670456861919,0.378985191992295,FALSE,-0.132275839006436,Group 2 over Group 1,14
TG_56_1,TG_56_1,-0.0391474888504028,Down,Group 2 over Group 1,-0.276461563681811,0.782511434826715,0.937452033376648,FALSE,-0.0829693446953442,Group 2 over Group 1,14
TG_56_10,TG_56_10,-0.297554055649963,Down,Group 2 over Group 1,-2.07219404381496,0.0397902595601454,0.231459940939759,FALSE,-0.194541874640485,Group 2 over Group 1,7
TG_56_11___M_NH4__@9.58,TG_56_11,-0.428099234681557,Down,Group 2 over Group 1,-3.01034463162646,0.00301929930369806,0.0430637379972952,TRUE,-0.318543690385639,Group 2 over Group 1,7
TG_56_2,TG_56_2,0.106302571202113,Up,Group 2 over Group 1,0.75483420645567,0.451325409767057,0.779103640324138,FALSE,0.0665333040959367,Group 2 over Group 1,14
TG_56_3,TG_56_3,0.19003690365101,Up,Group 2 over Group 1,1.33302564149159,0.184267260486968,0.496689847903972,FALSE,0.121798635472589,Group 2 over Group 1,14
TG_56_4,TG_56_4,0.291785852804477,Up,Group 2 over Group 1,2.05685745203081,0.041198371364682,0.231459940939759,FALSE,0.188945048985102,Group 2 over Group 1,7
TG_56_5,TG_56_5,0.199492404678418,Up,Group 2 over Group 1,1.3868878556444,0.167305565435306,0.465742519995582,FALSE,0.0789518266109908,Group 2 over Group 1,7
TG_56_6,TG_56_6,0.00331816646092688,Up,Group 2 over Group 1,0.0228748808760349,0.981777437546114,0.991804055830475,FALSE,-0.078018048822828,Group 2 over Group 1,7
TG_56_7,TG_56_7,-0.0857174699197615,Down,Group 2 over Group 1,-0.582687368056391,0.560933312605084,0.866641967974855,FALSE,-0.044005952390409,Group 2 over Group 1,7
TG_56_8,TG_56_8,-0.145940409544095,Down,Group 2 over Group 1,-0.987378181675297,0.325000463563551,0.673994249940517,FALSE,-0.0418095525138554,Group 2 over Group 1,7
TG_56_9,TG_56_9,-0.24434953899048,Down,Group 2 over Group 1,-1.65813407931715,0.099331031230533,0.365396293455175,FALSE,-0.0513433877367316,Group 2 over Group 1,7
TG_58_0,TG_58_0,-0.244841076920075,Down,Group 2 over Group 1,-1.66050827892493,0.0988566455813693,0.365396293455175,FALSE,-0.135499017918227,Group 2 over Group 1,14
TG_58_1,TG_58_1,-0.0183541367130453,Down,Group 2 over Group 1,-0.128856524231954,0.897617770886448,0.973206635803201,FALSE,-0.00218709707365275,Group 2 over Group 1,14
TG_58_10,TG_58_10,-0.215162600970185,Down,Group 2 over Group 1,-1.45892720302107,0.146620529707063,0.429244289132861,FALSE,-0.109430729128312,Group 2 over Group 1,7
TG_58_11,TG_58_11,-0.27876796023423,Down,Group 2 over Group 1,-1.9078625096306,0.0582321071397198,0.285614620732912,FALSE,-0.0902861680811213,Group 2 over Group 1,7
TG_58_12,TG_58_12,-0.376720474570562,Down,Group 2 over Group 1,-2.65723815807118,0.00863024640747891,0.0866450012167373,FALSE,-0.148125143510964,Group 2 over Group 1,7
TG_58_2,TG_58_2,-0.0347519571916518,Down,Group 2 over Group 1,-0.24453982785533,0.807094746631571,0.937452033376648,FALSE,-0.0376068921917328,Group 2 over Group 1,14
TG_58_3,TG_58_3,0.0388874270282457,Up,Group 2 over Group 1,0.270855741375585,0.786826167431923,0.937452033376648,FALSE,0.0436020592253565,Group 2 over Group 1,14
TG_58_4___M_NH4__@10.96,TG_58_4,0.0569857706576002,Up,Group 2 over Group 1,0.392485718008744,0.695203023759378,0.906403942369822,FALSE,0.0314156272886829,Group 2 over Group 1,14
TG_58_5,TG_58_5,0.244314950967674,Up,Group 2 over Group 1,1.74838545852332,0.0820766486021471,0.342725465108966,FALSE,0.125321420002698,Group 2 over Group 1,7
TG_58_6___M_NH4__@10.63,TG_58_6,0.152830603201172,Up,Group 2 over Group 1,1.06147081473036,0.289987938673485,0.658869654780198,FALSE,0.0529082827957044,Group 2 over Group 1,7
TG_58_7___M_NH4__@10.48,TG_58_7,0.0288435931159117,Up,Group 2 over Group 1,0.199031227794898,0.842480190407865,0.945102633071869,FALSE,-0.0120003144525588,Group 2 over Group 1,7
TG_58_8___M_NH4__@10.33,TG_58_8,-0.0196887982590229,Down,Group 2 over Group 1,-0.134192337129319,0.89341893410955,0.972064967041729,FALSE,0.022125045369349,Group 2 over Group 1,7
TG_58_9,TG_58_9,-0.141664800238414,Down,Group 2 over Group 1,-0.966062180349748,0.33547880182234,0.691086331754021,FALSE,-0.0569827804868729,Group 2 over Group 1,7
TG_60_1___M_NH4__@11.89,TG_60_1,-0.137636252047913,Down,Group 2 over Group 1,-0.92373224763932,0.357107582832272,0.707347712148538,FALSE,-0.110761922838679,Group 2 over Group 1,14
TG_60_10___M_NH4__@10.25,TG_60_10,-0.160996952986714,Down,Group 2 over Group 1,-1.12868925785772,0.260580485182219,0.614651678788593,FALSE,-0.131089314196474,Group 2 over Group 1,7
TG_60_11,TG_60_11,-0.208876284929072,Down,Group 2 over Group 1,-1.44920433725373,0.149152074734438,0.430728888719079,FALSE,-0.102205844989534,Group 2 over Group 1,7
TG_60_12,TG_60_12,-0.154458611180981,Down,Group 2 over Group 1,-1.0801355793251,0.281585112861255,0.647425950464338,FALSE,0.00775740863164995,Group 2 over Group 1,7
TG_60_13,TG_60_13,-0.266806812917042,Down,Group 2 over Group 1,-1.86078706320853,0.0645180912929081,0.298397471801681,FALSE,-0.130618432759685,Group 2 over Group 1,7
TG_60_2___M_NH4__@11.64,TG_60_2,-0.032139272802176,Down,Group 2 over Group 1,-0.225523504151307,0.821833197889818,0.937452033376648,FALSE,-0.0263734860438386,Group 2 over Group 1,14
TG_60_3___M_NH4__@11.26,TG_60_3,-0.0234021404000418,Down,Group 2 over Group 1,-0.161112452174062,0.87220087472764,0.968986550403296,FALSE,-0.00871315981533325,Group 2 over Group 1,14
TG_60_4___M_NH4__@11.20,TG_60_4,0.128816029211424,Up,Group 2 over Group 1,0.90441494228667,0.36701423513829,0.717620486138969,FALSE,0.12694418302549,Group 2 over Group 1,14
TG_60_5___M_NH4__@10.97,TG_60_5,0.30195603548049,Up,Group 2 over Group 1,2.14123024125109,0.0336303980181432,0.212077407910331,FALSE,0.30195603548049,Group 2 over Group 1,NA
TG_60_6___M_NH4__@10.85,TG_60_6,0.0962562631364159,Up,Group 2 over Group 1,0.673752412442133,0.501360282126986,0.802695995736988,FALSE,0.0956384448797734,Group 2 over Group 1,7
TG_60_7___M_NH4__@10.70,TG_60_7,0.211976359787112,Up,Group 2 over Group 1,1.50676653170071,0.133620974517496,0.420491934062767,FALSE,0.208816145472959,Group 2 over Group 1,7
TG_60_8___M_NH4__@10.56,TG_60_8,0.128425976938801,Up,Group 2 over Group 1,0.917085788623884,0.360297175356279,0.70911991837637,FALSE,0.0856348393128327,Group 2 over Group 1,7
TG_60_9___M_NH4__@10.40,TG_60_9,-0.0159761221885134,Down,Group 2 over Group 1,-0.112470518672289,0.910577017311828,0.978940973734396,FALSE,-0.0120713632559736,Group 2 over Group 1,7
TG_62_1,TG_62_1,-0.00633588642337064,Down,Group 2 over Group 1,-0.0449822997728569,0.964170643158828,0.986599004751253,FALSE,0.0104817118249548,Group 2 over Group 1,14
TG_62_11___M_NH4__@10.35,TG_62_11,0.0340732378150434,Up,Group 2 over Group 1,0.240679874879393,0.810077525793555,0.937452033376648,FALSE,0.0489196713638492,Group 2 over Group 1,7
TG_62_12___M_NH4__@10.17,TG_62_12,-0.0544841645015169,Down,Group 2 over Group 1,-0.38351157420819,0.701798543576062,0.907346234163193,FALSE,-0.0048671415274124,Group 2 over Group 1,7
TG_62_13,TG_62_13,-0.149988553228476,Down,Group 2 over Group 1,-1.04888317194052,0.295693983508044,0.659228376831291,FALSE,-0.0531567052446711,Group 2 over Group 1,7
TG_62_14___M_NH4__@9.87,TG_62_14,-0.182060469308087,Down,Group 2 over Group 1,-1.26092382987311,0.209094509362814,0.534277525604084,FALSE,-0.120740046272096,Group 2 over Group 1,7
TG_62_2___M_NH4__@11.93,TG_62_2,-0.0620696913076682,Down,Group 2 over Group 1,-0.427680830783785,0.669437333133019,0.897597779645516,FALSE,-0.0547618858050721,Group 2 over Group 1,14
TG_62_3___M_NH4__@11.68,TG_62_3,-0.07403245933288,Down,Group 2 over Group 1,-0.499860156251604,0.617884761360121,0.893166512487516,FALSE,-0.0889541022189085,Group 2 over Group 1,14
TG_62_4___M_NH4__@11.40,TG_62_4,-0.0556337022745057,Down,Group 2 over Group 1,-0.398281639877199,0.690879319894744,0.906403942369822,FALSE,-0.0971827380305474,Group 2 over Group 1,14
CerPn_32_1___M_H__@5.06,CerPn_32_1,-0.137255285817136,Down,Group 2 over Group 1,-0.939285080963426,0.348989397868067,0.705257660656313,FALSE,-0.134335671559862,Group 2 over Group 1,6
CerPn_33_1___M_H__@5.43,CerPn_33_1,-0.236624045820693,Down,Group 2 over Group 1,-1.59618893042255,0.112544118017621,0.392235480328262,FALSE,-0.207065471775946,Group 2 over Group 1,6
CerPn_34_0___M_H__@6.02,CerPn_34_0,-0.255994143575897,Down,Group 2 over Group 1,-1.77409101255908,0.0778903781506273,0.334279539563109,FALSE,-0.229931364061352,Group 2 over Group 1,6
CerPn_34_1___M_H__@5.77,CerPn_34_1,-0.263903092943509,Down,Group 2 over Group 1,-1.79692217905623,0.0742968600152797,0.327967567781735,FALSE,-0.126002747896258,Group 2 over Group 1,6
CerPn_34_2___M_H__@5.25,CerPn_34_2,-0.286146525925934,Down,Group 2 over Group 1,-2.00015720540545,0.0470859487854014,0.250854451287742,FALSE,-0.175157713338511,Group 2 over Group 1,6
CerPn_36_2___M_H__@5.95,CerPn_36_2,-0.275056603276598,Down,Group 2 over Group 1,-1.85435840489287,0.06566675754859,0.298397471801681,FALSE,-0.0654448082900721,Group 2 over Group 1,6
CerPn_42_2___M_H__@7.67,CerPn_42_2,-0.393098397828225,Down,Group 2 over Group 1,-2.72911362750678,0.00706164223509735,0.0779302660944672,FALSE,-0.231962447869977,Group 2 over Group 1,6
CL_66_1___M_2H__2__@6.17,CL_66_1,0.140516324326499,Up,Group 2 over Group 1,1.00606249935552,0.315698320416156,0.663610755160491,FALSE,0.0848058770419277,Group 2 over Group 1,1
CL_66_3___M_2H__2__@5.70,CL_66_3,0.00430264775823831,Up,Group 2 over Group 1,0.0297112703811283,0.976332668157505,0.991804055830475,FALSE,0.00396210945903466,Group 2 over Group 1,NA
CL_68_1___M_2H__2__@6.49,CL_68_1,0.235260854779475,Up,Group 2 over Group 1,1.67798431931174,0.0950729136707422,0.365396293455175,FALSE,0.230569804670924,Group 2 over Group 1,1
CL_68_3___M_2H__2__@6.02,CL_68_3,0.191118700006591,Up,Group 2 over Group 1,1.34609942949452,0.18000124531213,0.49221579470308,FALSE,0.151444530879838,Group 2 over Group 1,3
CL_70_1,CL_70_1,0.20928491143425,Up,Group 2 over Group 1,1.50188128659781,0.13483362369697,0.420491934062767,FALSE,0.116805102341316,Group 2 over Group 1,1
CL_70_3,CL_70_3,0.138945055344388,Up,Group 2 over Group 1,0.992444574000168,0.322283270915198,0.672875207518893,FALSE,-0.0131710442979844,Group 2 over Group 1,3
CL_70_5___M_2H__2__@5.91,CL_70_5,0.212795302814102,Up,Group 2 over Group 1,1.52772414062112,0.128288858676836,0.420491934062767,FALSE,0.0345774007125656,Group 2 over Group 1,3
CL_70_7___M_2H__2__@5.67,CL_70_7,-0.0174539456467204,Down,Group 2 over Group 1,-0.116383370731272,0.907506701473684,0.978940973734396,FALSE,-0.0143960232695722,Group 2 over Group 1,NA
CL_72_1,CL_72_1,0.0135274401010566,Up,Group 2 over Group 1,0.0934377038716322,0.925667328032596,0.978940973734396,FALSE,-0.0567621294166243,Group 2 over Group 1,1
CL_72_3___M_2H__2__@6.65,CL_72_3,0.367422389585731,Up,Group 2 over Group 1,2.6417151948381,0.00897294510982393,0.0866450012167373,FALSE,0.255777638985292,Group 2 over Group 1,3
CL_72_5___M_2H__2__@6.20,CL_72_5,-0.00317842985667956,Down,Group 2 over Group 1,-0.0223737283743542,0.982174890239887,0.991804055830475,FALSE,-0.0280153480113747,Group 2 over Group 1,3
CL_72_7___M_2H__2__@6.03,CL_72_7,0.397577364100534,Up,Group 2 over Group 1,2.8300341688423,0.00520291509645273,0.0618346448001498,FALSE,0.313120224416505,Group 2 over Group 1,3
CL_74_1,CL_74_1,0.0793912808484151,Up,Group 2 over Group 1,0.565748229295326,0.572255156958947,0.867201974490128,FALSE,-0.0594607379240356,Group 2 over Group 1,3
CL_74_3,CL_74_3,0.0552737094471179,Up,Group 2 over Group 1,0.392781177327495,0.694939247492992,0.906403942369822,FALSE,-0.0685597025213542,Group 2 over Group 1,3
CL_74_5,CL_74_5,0.200628088908777,Up,Group 2 over Group 1,1.42369063942216,0.156270110149731,0.447106148483954,FALSE,0.0542617995272237,Group 2 over Group 1,3
CL_74_7___M_2H__2__@6.18,CL_74_7,-0.00680525234365519,Down,Group 2 over Group 1,-0.0467780731546444,0.962746659344328,0.986599004751253,FALSE,-0.069192667937832,Group 2 over Group 1,3
CL_74_9___M_2H__2__@5.84,CL_74_9,0.0936780994664714,Up,Group 2 over Group 1,0.663931963206427,0.507578806341837,0.804317185433988,FALSE,0.00428035905892308,Group 2 over Group 1,4
CL_76_11___M_2H__2__@5.91,CL_76_11,0.346590266312271,Up,Group 2 over Group 1,2.46872351037636,0.0145110330656557,0.114972031212503,FALSE,0.281673674973625,Group 2 over Group 1,3
CL_76_3,CL_76_3,-0.115048521774453,Down,Group 2 over Group 1,-0.782966288740041,0.434815493436804,0.776458803241468,FALSE,-0.113909917644171,Group 2 over Group 1,1
CL_76_6___M_2H__2__@6.67,CL_76_6,0.258823688398891,Up,Group 2 over Group 1,1.87285293290077,0.062646713527557,0.297812838154079,FALSE,0.18172160976051,Group 2 over Group 1,3
CL_76_7,CL_76_7,0.367544362590229,Up,Group 2 over Group 1,2.52148129687566,0.0126993908165569,0.106057074657191,FALSE,0.197772053364362,Group 2 over Group 1,3
CL_78_1,CL_78_1,0.0985990831633016,Up,Group 2 over Group 1,0.668174917431538,0.505007567422801,0.804317185433988,FALSE,0.093480297028366,Group 2 over Group 1,3
CL_78_11___M_2H__2__@6.06,CL_78_11,0.292344010381525,Up,Group 2 over Group 1,2.03807490430035,0.0431184942741949,0.233747626854846,FALSE,0.17331107066881,Group 2 over Group 1,3
CL_78_13___M_2H__2__@5.80,CL_78_13,0.110299725996443,Up,Group 2 over Group 1,0.75682579347178,0.450245435752178,0.779103640324138,FALSE,0.0418435587422721,Group 2 over Group 1,3
CL_78_3,CL_78_3,-0.0728282407617952,Down,Group 2 over Group 1,-0.4996749901104,0.617975189455142,0.893166512487516,FALSE,-0.0835217046996415,Group 2 over Group 1,3
CL_78_7,CL_78_7,0.244934792425986,Up,Group 2 over Group 1,1.71740791000931,0.0877036422203274,0.361339005947749,FALSE,0.0518031197382405,Group 2 over Group 1,3
CL_80_10___M_2H__2__@6.46,CL_80_10,0.276134926753845,Up,Group 2 over Group 1,1.9739872468774,0.0499031618548996,0.261357237511254,FALSE,0.213770539437208,Group 2 over Group 1,3
CL_80_11___M_2H__2__@6.53,CL_80_11,0.252592681204833,Up,Group 2 over Group 1,1.80123352698327,0.0733332473345832,0.327967567781735,FALSE,0.0560476523263373,Group 2 over Group 1,3
CL_80_13___M_2H__2__@6.04,CL_80_13,0.0643906884314259,Up,Group 2 over Group 1,0.445309957626306,0.656668382207598,0.897597779645516,FALSE,-0.0388055040557387,Group 2 over Group 1,3
CL_82_11,CL_82_11,0.225022359815776,Up,Group 2 over Group 1,1.59029502946735,0.11355344771151,0.392235480328262,FALSE,0.0245187079577305,Group 2 over Group 1,3
CL_82_13___M_2H__2__@6.36,CL_82_13,0.136725058110576,Up,Group 2 over Group 1,0.928135303310005,0.354765330594623,0.707241852604765,FALSE,-0.0102345286110019,Group 2 over Group 1,3
CL_82_15___M_2H__2__@5.91,CL_82_15,0.24063639740998,Up,Group 2 over Group 1,1.66686202921748,0.0974338993477145,0.365396293455175,FALSE,0.147378858878551,Group 2 over Group 1,3
CL_82_5___M_2H__2__@7.05,CL_82_5,-0.37376495682812,Down,Group 2 over Group 1,-2.62688916936653,0.00941418512475449,0.0878378666706567,FALSE,-0.325387362737623,Group 2 over Group 1,3
CL_82_9,CL_82_9,0.0775706391546187,Up,Group 2 over Group 1,0.536759497386349,0.592142261903851,0.881645836415573,FALSE,-0.0658667150939241,Group 2 over Group 1,3
PA_32_1___M_H__@6.02,PA_32_1,-0.277302405996025,Down,Group 2 over Group 1,-1.94920310876342,0.0528946761927305,0.26362024102506,FALSE,-0.311157567590228,Group 2 over Group 1,1
PA_34_2___M_H__@6.20,PA_34_2,-0.436475044619312,Down,Group 2 over Group 1,-3.07996258899079,0.00242218343615074,0.0416870256025616,TRUE,-0.37118420642387,Group 2 over Group 1,1
PA_36_3___M_H__@6.19,PA_36_3,-0.474194352376085,Down,Group 2 over Group 1,-3.33041048975416,0.00107462607804938,0.0255430352397891,TRUE,-0.306014302546182,Group 2 over Group 1,1
PA_38_1___M_H__@7.27,PA_38_1,-0.0716336838124281,Down,Group 2 over Group 1,-0.497756606673734,0.619295970670659,0.893166512487516,FALSE,-0.0687625482628247,Group 2 over Group 1,NA
PA_38_2___M_H__@6.90,PA_38_2,-0.0865462633417722,Down,Group 2 over Group 1,-0.600452214654999,0.549005687536095,0.856781603276028,FALSE,-0.0764141096089995,Group 2 over Group 1,NA
PA_38_3___M_H__@6.57,PA_38_3,-0.174680993376295,Down,Group 2 over Group 1,-1.22087694629893,0.223800843471512,0.557697263166914,FALSE,-0.130109069708277,Group 2 over Group 1,NA
PA_38_5___M_H__@6.04,PA_38_5,-0.421760766218119,Down,Group 2 over Group 1,-2.96242117584804,0.00350371436747609,0.0470716408500049,TRUE,-0.377211866241336,Group 2 over Group 1,4
PC_34_3___M_Ac_H__@5.72,PC_34_3,-0.402806660901559,Down,Group 2 over Group 1,-2.88059227223292,0.00446298782364448,0.0551625295002457,FALSE,-0.396913487313296,Group 2 over Group 1,3
PCn_34_4,PCn_34_4,-0.316034619483419,Down,Group 2 over Group 1,-2.20842258730266,0.0285727518988897,0.191934355146889,FALSE,-0.155871373574045,Group 2 over Group 1,4
PC_36_5___M_Ac_H__@5.63,PC_36_5,-0.425348952769223,Down,Group 2 over Group 1,-3.00468461495411,0.00306602665352911,0.0430637379972952,TRUE,-0.364072774312955,Group 2 over Group 1,4
PEn_30_0___M_H__@6.04,PEn_30_0,0.196179950676954,Up,Group 2 over Group 1,1.38898431043101,0.16656655963188,0.465742519995582,FALSE,0.196179950676954,Group 2 over Group 1,NA
PEn_32_2___M_H__@5.70,PEn_32_2,-0.111851148655717,Down,Group 2 over Group 1,-0.756042224067779,0.450774077153902,0.779103640324138,FALSE,-0.113527635664973,Group 2 over Group 1,NA
PEn_34_4___M_H__@5.68,PEn_34_4,-0.0336830923297416,Down,Group 2 over Group 1,-0.22925343895344,0.818965931224333,0.937452033376648,FALSE,-0.0239616945158982,Group 2 over Group 1,NA
PEn_38_1,PEn_38_1,-0.0291013986444189,Down,Group 2 over Group 1,-0.196890792089492,0.844169342161281,0.945102633071869,FALSE,-0.0370193323439203,Group 2 over Group 1,3
PEn_38_2,PEn_38_2,-0.242350957840778,Down,Group 2 over Group 1,-1.67016142317566,0.0968128358707539,0.365396293455175,FALSE,-0.204787640374908,Group 2 over Group 1,3
PEn_38_7___M_H__@5.81,PEn_38_7,0.181983915919971,Up,Group 2 over Group 1,1.28020945993502,0.202159827385794,0.52867749896387,FALSE,0.133088150193012,Group 2 over Group 1,3
PEn_40_3___M_H__@7.07,PEn_40_3,-0.21551282622879,Down,Group 2 over Group 1,-1.52479720635957,0.12908655602251,0.420491934062767,FALSE,-0.0316795975046193,Group 2 over Group 1,3
PEn_40_4,PEn_40_4,0.0297816462980437,Up,Group 2 over Group 1,0.209273817695868,0.834475031195441,0.944515694649784,FALSE,-0.00995598584426368,Group 2 over Group 1,3
PG_34_1___M_H__@5.88,PG_34_1,0.13086225805555,Up,Group 2 over Group 1,0.900331291883402,0.369261026848207,0.717620486138969,FALSE,0.11177826397387,Group 2 over Group 1,12
PG_36_2___M_H__@5.91,PG_36_2,0.303865013260592,Up,Group 2 over Group 1,2.16371248245683,0.0318177307450668,0.20918465532395,FALSE,0.210639078723948,Group 2 over Group 1,12
PG_38_4___M_H__@6.06,PG_38_4,0.182542679870175,Up,Group 2 over Group 1,1.27620587416078,0.203600719665698,0.52867749896387,FALSE,0.0364980768115057,Group 2 over Group 1,12
PI_34_1___M_H__@5.73,PI_34_1,-0.059374321777801,Down,Group 2 over Group 1,-0.416579909032593,0.677492979266876,0.898477813705857,FALSE,-0.0543337151046615,Group 2 over Group 1,12
PI_34_2___M_H__@5.26,PI_34_2,-0.0339492958429752,Down,Group 2 over Group 1,-0.238428692421366,0.811824762945443,0.937452033376648,FALSE,-0.0214028374699511,Group 2 over Group 1,12
PI_36_1___M_H__@6.33,PI_36_1,-0.0226295932915577,Down,Group 2 over Group 1,-0.153013238489503,0.878586023601241,0.969241069164333,FALSE,-0.00408432969978701,Group 2 over Group 1,12
PI_36_2___M_H__@5.92,PI_36_2,-0.0541949447899362,Down,Group 2 over Group 1,-0.37384626111978,0.708993333598064,0.907967442040103,FALSE,-0.0415425373587535,Group 2 over Group 1,12
PI_36_3___M_H__@5.38,PI_36_3,-0.0332160110515744,Down,Group 2 over Group 1,-0.225135516743551,0.822166670048776,0.937452033376648,FALSE,-0.00467472621453329,Group 2 over Group 1,12
PI_36_4___M_H__@5.25,PI_36_4,0.0547616154613453,Up,Group 2 over Group 1,0.388101551057888,0.698396199629268,0.906741284392621,FALSE,0.0821053626268465,Group 2 over Group 1,12
PI_38_3___M_H__@6.08,PI_38_3,0.06087365724762,Up,Group 2 over Group 1,0.429493357510897,0.668080720679892,0.897597779645516,FALSE,0.0280400995838072,Group 2 over Group 1,12
PI_38_4___M_H__@5.89,PI_38_4,-0.063865371637619,Down,Group 2 over Group 1,-0.449589784896952,0.653553755469517,0.897597779645516,FALSE,-0.0748538690626089,Group 2 over Group 1,12
PI_38_5___M_H__@5.40,PI_38_5,0.0690872243292185,Up,Group 2 over Group 1,0.466109692177589,0.641795175373787,0.893166512487516,FALSE,0.0947326978672205,Group 2 over Group 1,12
PI_38_6___M_H__@5.14,PI_38_6,0.151017744261952,Up,Group 2 over Group 1,1.04095393942312,0.299419222592566,0.659228376831291,FALSE,0.15421055988069,Group 2 over Group 1,12
PI_40_5___M_H__@6.00,PI_40_5,-0.148917402502981,Down,Group 2 over Group 1,-1.01957722250609,0.309456053021944,0.661083866180412,FALSE,-0.132646686561908,Group 2 over Group 1,12
PI_40_6___M_H__@5.83,PI_40_6,0.110694351710953,Up,Group 2 over Group 1,0.778644743884228,0.437229229009759,0.776458803241468,FALSE,0.0674120318929883,Group 2 over Group 1,12
plasmenyl_PEn_32_0___M_H_,plasmenyl_PEn_32_0,-0.0360283372732503,Down,Group 2 over Group 1,-0.248371149748946,0.80415315006262,0.937452033376648,FALSE,-0.0215560309653661,Group 2 over Group 1,7
plasmenyl_PEn_36_5___M_H_,plasmenyl_PEn_36_5,-0.464029587329637,Down,Group 2 over Group 1,-3.43851783353411,0.00071913549886639,0.0185177390958095,TRUE,-0.157442350076977,Group 2 over Group 1,4
plasmenyl_PEn_38_5___M_H_,plasmenyl_PEn_38_5,-0.353857153961293,Down,Group 2 over Group 1,-2.48629450484811,0.013880672495943,0.112871784243326,FALSE,-0.23216212939586,Group 2 over Group 1,5
plasmenyl_PEn_38_6___M_H_,plasmenyl_PEn_38_6,-0.372176409289152,Down,Group 2 over Group 1,-2.61747159702581,0.00966500798317905,0.0878378666706567,FALSE,-0.0759037525302218,Group 2 over Group 1,5
